[06-May-2026 11:56:40 UTC] PHP Fatal error:  Uncaught Error: Call to undefined method Dotenv\Dotenv::overload() in D:\laragon\www\Toriventy\backend\main.php:39
Stack trace:
#0 {main}
  thrown in D:\laragon\www\Toriventy\backend\main.php on line 39
[06-May-2026 11:57:28 UTC] Method: POST, URI: /api/auth/register, Params: api/auth/register
[06-May-2026 11:57:45 UTC] Method: POST, URI: /api/auth/login, Params: api/auth/login
[06-May-2026 12:01:51 UTC] Method: POST, URI: /api/auth/login, Params: api/auth/login
[06-May-2026 12:02:06 UTC] Method: POST, URI: /api/auth/login, Params: api/auth/login
[06-May-2026 12:07:35 UTC] Method: POST, URI: /api/auth/register, Params: api/auth/register
[06-May-2026 12:07:48 UTC] Method: POST, URI: /api/auth/login, Params: api/auth/login
[07-May-2026 13:02:50 UTC] Method: POST, URI: /api/auth/login, Params: api/auth/login
[07-May-2026 13:02:50 UTC] Method: POST, URI: /api/auth/login, Params: api/auth/login
[07-May-2026 13:07:17 UTC] Method: POST, URI: /api/auth/login, Params: api/auth/login
[07-May-2026 13:21:03 UTC] Method: POST, URI: /api/auth/login, Params: api/auth/login
[07-May-2026 13:22:22 UTC] Method: POST, URI: /api/auth/login, Params: api/auth/login
[07-May-2026 13:24:15 UTC] Method: POST, URI: /api/auth/login, Params: api/auth/login
[07-May-2026 13:26:54 UTC] Method: POST, URI: /api/auth/login, Params: api/auth/login
[07-May-2026 13:27:05 UTC] Method: GET, URI: /api/users/profile, Params: api/users/profile
[07-May-2026 13:27:05 UTC] PHP Fatal error:  Uncaught Error: Call to undefined function verifyJWT() in D:\laragon\www\Toriventy\backend\helpers.php:49
Stack trace:
#0 D:\laragon\www\Toriventy\backend\controllers\AuthController.php(37): requireAuth()
#1 D:\laragon\www\Toriventy\backend\main.php(68): AuthController->profile()
#2 {main}
  thrown in D:\laragon\www\Toriventy\backend\helpers.php on line 49
[07-May-2026 13:27:19 UTC] Method: GET, URI: /api/users/profile, Params: api/users/profile
[07-May-2026 13:27:19 UTC] PHP Fatal error:  Uncaught Error: Call to undefined function verifyJWT() in D:\laragon\www\Toriventy\backend\helpers.php:49
Stack trace:
#0 D:\laragon\www\Toriventy\backend\controllers\AuthController.php(37): requireAuth()
#1 D:\laragon\www\Toriventy\backend\main.php(68): AuthController->profile()
#2 {main}
  thrown in D:\laragon\www\Toriventy\backend\helpers.php on line 49
[07-May-2026 13:27:43 UTC] Method: GET, URI: /api/users/profile, Params: api/users/profile
[07-May-2026 13:27:43 UTC] PHP Fatal error:  Uncaught Error: Call to undefined function verifyJWT() in D:\laragon\www\Toriventy\backend\helpers.php:49
Stack trace:
#0 D:\laragon\www\Toriventy\backend\controllers\AuthController.php(37): requireAuth()
#1 D:\laragon\www\Toriventy\backend\main.php(68): AuthController->profile()
#2 {main}
  thrown in D:\laragon\www\Toriventy\backend\helpers.php on line 49
[07-May-2026 13:28:26 UTC] Method: GET, URI: /api/users/profile, Params: api/users/profile
[07-May-2026 13:28:41 UTC] Method: POST, URI: /api/auth/login, Params: api/auth/login
[07-May-2026 13:28:43 UTC] Method: GET, URI: /api/users/profile, Params: api/users/profile
[07-May-2026 13:32:30 UTC] Method: POST, URI: /api/auth/login, Params: api/auth/login
[07-May-2026 13:35:47 UTC] Method: POST, URI: /api/auth/login, Params: api/auth/login
[07-May-2026 15:07:09 UTC] Method: POST, URI: /api/auth/register, Params: api/auth/register
[07-May-2026 15:07:30 UTC] Method: POST, URI: /api/auth/login, Params: api/auth/login
[07-May-2026 15:08:24 UTC] Method: POST, URI: /api/auth/login, Params: api/auth/login
[07-May-2026 15:08:44 UTC] Method: POST, URI: /api/auth/login, Params: api/auth/login
[19-May-2026 13:07:23 UTC] PHP Error [2]: file_get_contents(D:\laragon\www\Toriventy\backend/config\.env): Failed to open stream: No such file or directory in D:\laragon\www\Toriventy\backend\vendor\vlucas\phpdotenv\src\Store\File\Reader.php:73
[20-May-2026 14:16:55 UTC] Method: POST, URI: /api/auth/login, Params: api/auth/login
[20-May-2026 14:17:18 UTC] Method: GET, URI: /api/products, Params: api/products
[20-May-2026 14:17:26 UTC] Method: POST, URI: /api/auth/login, Params: api/auth/login
[20-May-2026 14:17:46 UTC] Method: POST, URI: /api/auth/register, Params: api/auth/register
[20-May-2026 14:18:17 UTC] Method: POST, URI: /api/auth/login, Params: api/auth/login
[20-May-2026 14:18:21 UTC] Method: POST, URI: /api/auth/login, Params: api/auth/login
[20-May-2026 14:18:21 UTC] Method: GET, URI: /api/products, Params: api/products
[20-May-2026 14:20:24 UTC] Method: POST, URI: /api/auth/login, Params: api/auth/login
[20-May-2026 14:20:24 UTC] Method: GET, URI: /api/admin/suppliers, Params: api/admin/suppliers
[20-May-2026 14:20:24 UTC] Method: GET, URI: /api/products, Params: api/products
[20-May-2026 14:20:24 UTC] Method: GET, URI: /api/reports/low-stock, Params: api/reports/low-stock
[20-May-2026 14:20:26 UTC] Method: GET, URI: /api/products, Params: api/products
[20-May-2026 14:20:28 UTC] Method: GET, URI: /api/reports/stock-levels, Params: api/reports/stock-levels
[20-May-2026 14:20:30 UTC] Method: GET, URI: /api/products, Params: api/products
[20-May-2026 14:20:31 UTC] Method: GET, URI: /api/reports/stock-levels, Params: api/reports/stock-levels
[20-May-2026 14:20:35 UTC] Method: POST, URI: /api/auth/login, Params: api/auth/login
[20-May-2026 14:20:35 UTC] Method: GET, URI: /api/admin/suppliers, Params: api/admin/suppliers
[20-May-2026 14:20:35 UTC] Method: GET, URI: /api/reports/low-stock, Params: api/reports/low-stock
[20-May-2026 14:20:35 UTC] Method: GET, URI: /api/products, Params: api/products
[20-May-2026 14:20:38 UTC] Method: GET, URI: /api/products, Params: api/products
[20-May-2026 14:20:41 UTC] Method: GET, URI: /api/reports/stock-levels, Params: api/reports/stock-levels
[20-May-2026 14:20:43 UTC] Method: GET, URI: /api/reports/low-stock, Params: api/reports/low-stock
[20-May-2026 14:20:43 UTC] Method: GET, URI: /api/reports/stock-levels, Params: api/reports/stock-levels
[20-May-2026 14:20:47 UTC] Method: GET, URI: /api/users/profile, Params: api/users/profile
[20-May-2026 14:20:57 UTC] Method: POST, URI: /api/auth/login, Params: api/auth/login
[20-May-2026 14:20:57 UTC] Method: GET, URI: /api/reports/low-stock, Params: api/reports/low-stock
[20-May-2026 14:20:57 UTC] Method: GET, URI: /api/products, Params: api/products
[20-May-2026 14:20:57 UTC] Method: GET, URI: /api/admin/suppliers, Params: api/admin/suppliers
[20-May-2026 14:27:22 UTC] Method: POST, URI: /api/auth/login, Params: api/auth/login
[20-May-2026 14:27:22 UTC] Method: GET, URI: /api/reports/low-stock, Params: api/reports/low-stock
[20-May-2026 14:27:22 UTC] Method: GET, URI: /api/products, Params: api/products
[20-May-2026 14:27:22 UTC] Method: GET, URI: /api/admin/suppliers, Params: api/admin/suppliers
[20-May-2026 14:27:30 UTC] Method: POST, URI: /api/auth/login, Params: api/auth/login
[20-May-2026 14:27:30 UTC] Method: GET, URI: /api/products, Params: api/products
[20-May-2026 14:27:30 UTC] Method: GET, URI: /api/admin/suppliers, Params: api/admin/suppliers
[20-May-2026 14:27:30 UTC] Method: GET, URI: /api/reports/low-stock, Params: api/reports/low-stock
[20-May-2026 14:27:32 UTC] Method: GET, URI: /api/products, Params: api/products
[20-May-2026 14:27:33 UTC] Method: GET, URI: /api/reports/stock-levels, Params: api/reports/stock-levels
[20-May-2026 14:27:34 UTC] Method: GET, URI: /api/reports/stock-levels, Params: api/reports/stock-levels
[20-May-2026 14:27:34 UTC] Method: GET, URI: /api/reports/low-stock, Params: api/reports/low-stock
[23-May-2026 05:35:16 UTC] Method: POST, URI: /api/auth/register, Params: api/auth/register
[23-May-2026 05:35:25 UTC] Method: POST, URI: /api/auth/login, Params: api/auth/login
[23-May-2026 05:35:25 UTC] Method: GET, URI: /api/products, Params: api/products
[23-May-2026 05:35:25 UTC] Method: GET, URI: /api/reports/low-stock, Params: api/reports/low-stock
[23-May-2026 05:35:25 UTC] Method: GET, URI: /api/admin/suppliers, Params: api/admin/suppliers
[23-May-2026 05:35:31 UTC] Method: GET, URI: /api/products, Params: api/products
[23-May-2026 05:35:32 UTC] Method: GET, URI: /api/reports/stock-levels, Params: api/reports/stock-levels
[23-May-2026 05:35:33 UTC] Method: GET, URI: /api/reports/stock-levels, Params: api/reports/stock-levels
[23-May-2026 05:35:33 UTC] Method: GET, URI: /api/reports/low-stock, Params: api/reports/low-stock
[23-May-2026 05:35:34 UTC] Method: GET, URI: /api/users/profile, Params: api/users/profile
[23-May-2026 05:36:04 UTC] Method: POST, URI: /api/auth/register, Params: api/auth/register
[23-May-2026 05:36:42 UTC] Method: POST, URI: /api/auth/login, Params: api/auth/login
[23-May-2026 05:36:43 UTC] Method: GET, URI: /api/products, Params: api/products
[23-May-2026 05:36:43 UTC] Method: GET, URI: /api/admin/suppliers, Params: api/admin/suppliers
[23-May-2026 05:36:43 UTC] Method: GET, URI: /api/reports/low-stock, Params: api/reports/low-stock
[23-May-2026 05:36:59 UTC] Method: POST, URI: /api/auth/login, Params: api/auth/login
[23-May-2026 05:36:59 UTC] Method: GET, URI: /api/products, Params: api/products
[23-May-2026 05:36:59 UTC] Method: GET, URI: /api/reports/low-stock, Params: api/reports/low-stock
[23-May-2026 05:36:59 UTC] Method: GET, URI: /api/admin/suppliers, Params: api/admin/suppliers
[23-May-2026 05:37:19 UTC] Method: POST, URI: /api/auth/login, Params: api/auth/login
[23-May-2026 05:37:19 UTC] Method: GET, URI: /api/reports/low-stock, Params: api/reports/low-stock
[23-May-2026 05:37:19 UTC] Method: GET, URI: /api/admin/suppliers, Params: api/admin/suppliers
[23-May-2026 05:37:19 UTC] Method: GET, URI: /api/products, Params: api/products
[23-May-2026 05:37:36 UTC] Method: GET, URI: /api/products, Params: api/products
[23-May-2026 05:37:36 UTC] Method: GET, URI: /api/admin/suppliers, Params: api/admin/suppliers
[23-May-2026 05:37:36 UTC] Method: GET, URI: /api/reports/low-stock, Params: api/reports/low-stock
[23-May-2026 05:37:45 UTC] Method: POST, URI: /api/auth/login, Params: api/auth/login
[23-May-2026 05:37:45 UTC] Method: GET, URI: /api/products, Params: api/products
[23-May-2026 05:37:45 UTC] Method: GET, URI: /api/reports/low-stock, Params: api/reports/low-stock
[23-May-2026 05:37:45 UTC] Method: GET, URI: /api/admin/suppliers, Params: api/admin/suppliers
[23-May-2026 05:37:53 UTC] Method: POST, URI: /api/auth/login, Params: api/auth/login
[23-May-2026 05:37:53 UTC] Method: GET, URI: /api/products, Params: api/products
[23-May-2026 05:37:53 UTC] Method: GET, URI: /api/reports/low-stock, Params: api/reports/low-stock
[23-May-2026 05:37:53 UTC] Method: GET, URI: /api/admin/suppliers, Params: api/admin/suppliers
[23-May-2026 05:38:10 UTC] Method: POST, URI: /api/auth/login, Params: api/auth/login
[23-May-2026 05:38:10 UTC] Method: GET, URI: /api/reports/low-stock, Params: api/reports/low-stock
[23-May-2026 05:38:10 UTC] Method: GET, URI: /api/admin/suppliers, Params: api/admin/suppliers
[23-May-2026 05:38:10 UTC] Method: GET, URI: /api/products, Params: api/products
[23-May-2026 05:38:34 UTC] Method: GET, URI: /api/users/profile, Params: api/users/profile
[23-May-2026 05:38:36 UTC] Method: GET, URI: /api/reports/low-stock, Params: api/reports/low-stock
[23-May-2026 05:38:36 UTC] Method: GET, URI: /api/reports/stock-levels, Params: api/reports/stock-levels
[23-May-2026 05:38:39 UTC] Method: GET, URI: /api/reports/stock-levels, Params: api/reports/stock-levels
[23-May-2026 05:38:40 UTC] Method: GET, URI: /api/products, Params: api/products
[23-May-2026 05:39:08 UTC] Method: POST, URI: /api/auth/register, Params: api/auth/register
[23-May-2026 05:39:36 UTC] Method: POST, URI: /api/auth/login, Params: api/auth/login
[23-May-2026 05:39:36 UTC] Method: GET, URI: /api/products, Params: api/products
[23-May-2026 05:39:36 UTC] Method: GET, URI: /api/reports/low-stock, Params: api/reports/low-stock
[23-May-2026 05:39:36 UTC] Method: GET, URI: /api/admin/suppliers, Params: api/admin/suppliers
[23-May-2026 05:40:10 UTC] Method: POST, URI: /api/auth/login, Params: api/auth/login
[23-May-2026 05:40:10 UTC] Method: GET, URI: /api/products, Params: api/products
[23-May-2026 05:40:10 UTC] Method: GET, URI: /api/admin/suppliers, Params: api/admin/suppliers
[23-May-2026 05:40:10 UTC] Method: GET, URI: /api/reports/low-stock, Params: api/reports/low-stock
[23-May-2026 05:40:15 UTC] Method: GET, URI: /api/products, Params: api/products
[23-May-2026 05:40:15 UTC] Method: GET, URI: /api/reports/stock-levels, Params: api/reports/stock-levels
[23-May-2026 05:40:17 UTC] Method: GET, URI: /api/products, Params: api/products
[23-May-2026 05:40:19 UTC] Method: GET, URI: /api/reports/stock-levels, Params: api/reports/stock-levels
[23-May-2026 05:40:19 UTC] Method: GET, URI: /api/reports/low-stock, Params: api/reports/low-stock
[23-May-2026 05:40:20 UTC] Method: GET, URI: /api/users/profile, Params: api/users/profile
[23-May-2026 05:44:40 UTC] Method: GET, URI: /api/products, Params: api/products
[23-May-2026 05:44:40 UTC] Method: GET, URI: /api/reports/low-stock, Params: api/reports/low-stock
[23-May-2026 05:44:40 UTC] Method: GET, URI: /api/admin/suppliers, Params: api/admin/suppliers
[23-May-2026 05:44:46 UTC] Method: POST, URI: /api/auth/login, Params: api/auth/login
[23-May-2026 05:44:46 UTC] Method: GET, URI: /api/reports/low-stock, Params: api/reports/low-stock
[23-May-2026 05:44:46 UTC] Method: GET, URI: /api/admin/suppliers, Params: api/admin/suppliers
[23-May-2026 05:44:46 UTC] Method: GET, URI: /api/products, Params: api/products
[23-May-2026 05:44:49 UTC] Method: GET, URI: /api/admin/suppliers, Params: api/admin/suppliers
[23-May-2026 05:44:50 UTC] Method: GET, URI: /api/products, Params: api/products
[23-May-2026 05:44:52 UTC] Method: GET, URI: /api/admin/suppliers, Params: api/admin/suppliers
[23-May-2026 05:44:59 UTC] Method: GET, URI: /api/reports/stock-levels, Params: api/reports/stock-levels
[23-May-2026 05:45:01 UTC] Method: GET, URI: /api/admin/suppliers, Params: api/admin/suppliers
[23-May-2026 05:45:02 UTC] Method: GET, URI: /api/products, Params: api/products
[23-May-2026 05:45:30 UTC] Method: POST, URI: /api/products, Params: api/products
[23-May-2026 05:45:45 UTC] Method: POST, URI: /api/products, Params: api/products
[23-May-2026 05:46:57 UTC] Method: GET, URI: /api/products, Params: api/products
[23-May-2026 05:47:20 UTC] Method: GET, URI: /api/products, Params: api/products
[23-May-2026 05:47:20 UTC] Method: GET, URI: /api/reports/low-stock, Params: api/reports/low-stock
[23-May-2026 05:47:20 UTC] Method: GET, URI: /api/admin/suppliers, Params: api/admin/suppliers
[23-May-2026 05:47:22 UTC] Method: GET, URI: /api/products, Params: api/products
[23-May-2026 05:47:38 UTC] Method: POST, URI: /api/products, Params: api/products
[23-May-2026 05:47:38 UTC] PDOException: SQLSTATE[23000]: Integrity constraint violation: 1452 Cannot add or update a child row: a foreign key constraint fails (`toriventy_db`.`tbl_products`, CONSTRAINT `fk_product_supplier` FOREIGN KEY (`fld_supplier_id`) REFERENCES `tbl_suppliers` (`fld_supplier_id`) ON DELETE RESTRICT ON UPDATE CASCADE)
[23-May-2026 05:48:30 UTC] Method: GET, URI: /api/products, Params: api/products
[23-May-2026 05:48:30 UTC] Method: GET, URI: /api/admin/suppliers, Params: api/admin/suppliers
[23-May-2026 05:49:21 UTC] Method: GET, URI: /api/products, Params: api/products
[23-May-2026 05:49:21 UTC] Method: GET, URI: /api/reports/low-stock, Params: api/reports/low-stock
[23-May-2026 05:49:21 UTC] Method: GET, URI: /api/admin/suppliers, Params: api/admin/suppliers
[23-May-2026 05:49:23 UTC] Method: GET, URI: /api/products, Params: api/products
[23-May-2026 05:49:23 UTC] Method: GET, URI: /api/admin/suppliers, Params: api/admin/suppliers
[23-May-2026 05:49:24 UTC] Method: GET, URI: /api/admin/suppliers, Params: api/admin/suppliers
[23-May-2026 05:49:25 UTC] Method: GET, URI: /api/admin/suppliers, Params: api/admin/suppliers
[23-May-2026 05:49:25 UTC] Method: GET, URI: /api/products, Params: api/products
[23-May-2026 05:51:26 UTC] Method: GET, URI: /api/products, Params: api/products
[23-May-2026 05:51:26 UTC] Method: GET, URI: /api/admin/suppliers, Params: api/admin/suppliers
[23-May-2026 05:51:54 UTC] Method: GET, URI: /api/reports/low-stock, Params: api/reports/low-stock
[23-May-2026 05:51:55 UTC] Method: GET, URI: /api/products, Params: api/products
[23-May-2026 05:51:55 UTC] Method: GET, URI: /api/admin/suppliers, Params: api/admin/suppliers
[23-May-2026 05:52:05 UTC] Method: GET, URI: /api/admin/suppliers, Params: api/admin/suppliers
[23-May-2026 05:52:45 UTC] Method: POST, URI: /api/admin/suppliers, Params: api/admin/suppliers
[23-May-2026 05:53:16 UTC] Method: GET, URI: /api/admin/suppliers, Params: api/admin/suppliers
[23-May-2026 05:53:37 UTC] Method: GET, URI: /api/reports/low-stock, Params: api/reports/low-stock
[23-May-2026 05:53:37 UTC] Method: GET, URI: /api/products, Params: api/products
[23-May-2026 05:53:37 UTC] Method: GET, URI: /api/admin/suppliers, Params: api/admin/suppliers
[23-May-2026 05:53:39 UTC] Method: GET, URI: /api/admin/suppliers, Params: api/admin/suppliers
[23-May-2026 05:54:08 UTC] Method: POST, URI: /api/suppliers, Params: api/suppliers
[23-May-2026 05:54:08 UTC] Method: GET, URI: /api/admin/suppliers, Params: api/admin/suppliers
[23-May-2026 05:54:11 UTC] Method: GET, URI: /api/admin/suppliers, Params: api/admin/suppliers
[23-May-2026 05:54:11 UTC] Method: GET, URI: /api/products, Params: api/products
[23-May-2026 05:54:59 UTC] Method: POST, URI: /api/products, Params: api/products
[23-May-2026 05:54:59 UTC] Method: GET, URI: /api/products, Params: api/products
[23-May-2026 05:56:10 UTC] Method: GET, URI: /api/admin/suppliers, Params: api/admin/suppliers
[23-May-2026 05:56:10 UTC] Method: GET, URI: /api/products, Params: api/products
[23-May-2026 05:56:37 UTC] Method: GET, URI: /api/products, Params: api/products
[23-May-2026 05:56:37 UTC] Method: GET, URI: /api/reports/low-stock, Params: api/reports/low-stock
[23-May-2026 05:56:37 UTC] Method: GET, URI: /api/admin/suppliers, Params: api/admin/suppliers
[23-May-2026 05:56:42 UTC] Method: GET, URI: /api/products, Params: api/products
[23-May-2026 05:56:42 UTC] Method: GET, URI: /api/admin/suppliers, Params: api/admin/suppliers
[23-May-2026 05:56:59 UTC] Method: GET, URI: /api/admin/suppliers, Params: api/admin/suppliers
[23-May-2026 05:57:04 UTC] Method: GET, URI: /api/admin/suppliers, Params: api/admin/suppliers
[23-May-2026 05:57:04 UTC] Method: GET, URI: /api/products, Params: api/products
[23-May-2026 05:57:05 UTC] Method: GET, URI: /api/reports/stock-levels, Params: api/reports/stock-levels
[23-May-2026 05:57:56 UTC] Method: POST, URI: /api/stock/update, Params: api/stock/update
[23-May-2026 05:58:00 UTC] Method: POST, URI: /api/stock/update, Params: api/stock/update
[23-May-2026 05:58:00 UTC] Method: GET, URI: /api/reports/stock-levels, Params: api/reports/stock-levels
[23-May-2026 05:58:18 UTC] Method: GET, URI: /api/admin/suppliers, Params: api/admin/suppliers
[23-May-2026 05:58:20 UTC] Method: GET, URI: /api/products, Params: api/products
[23-May-2026 05:58:20 UTC] Method: GET, URI: /api/admin/suppliers, Params: api/admin/suppliers
[23-May-2026 05:58:22 UTC] Method: GET, URI: /api/admin/suppliers, Params: api/admin/suppliers
[23-May-2026 05:58:23 UTC] Method: GET, URI: /api/reports/stock-levels, Params: api/reports/stock-levels
[23-May-2026 05:58:26 UTC] Method: GET, URI: /api/admin/suppliers, Params: api/admin/suppliers
[23-May-2026 05:58:34 UTC] Method: GET, URI: /api/reports/stock-levels, Params: api/reports/stock-levels
[23-May-2026 05:58:34 UTC] Method: GET, URI: /api/reports/low-stock, Params: api/reports/low-stock
[23-May-2026 05:58:38 UTC] Method: GET, URI: /api/reports/stock-levels, Params: api/reports/stock-levels
[23-May-2026 05:58:40 UTC] Method: GET, URI: /api/admin/suppliers, Params: api/admin/suppliers
[23-May-2026 05:58:41 UTC] Method: GET, URI: /api/admin/suppliers, Params: api/admin/suppliers
[23-May-2026 05:58:41 UTC] Method: GET, URI: /api/products, Params: api/products
[23-May-2026 05:58:43 UTC] Method: GET, URI: /api/products, Params: api/products
[23-May-2026 05:58:43 UTC] Method: GET, URI: /api/reports/low-stock, Params: api/reports/low-stock
[23-May-2026 05:58:43 UTC] Method: GET, URI: /api/admin/suppliers, Params: api/admin/suppliers
[23-May-2026 05:58:45 UTC] Method: GET, URI: /api/admin/suppliers, Params: api/admin/suppliers
[23-May-2026 05:58:45 UTC] Method: GET, URI: /api/products, Params: api/products
[23-May-2026 05:58:46 UTC] Method: GET, URI: /api/admin/suppliers, Params: api/admin/suppliers
[23-May-2026 05:58:51 UTC] Method: GET, URI: /api/reports/stock-levels, Params: api/reports/stock-levels
[23-May-2026 06:02:23 UTC] Method: GET, URI: /api/admin/suppliers, Params: api/admin/suppliers
[23-May-2026 06:03:32 UTC] Method: GET, URI: /api/products, Params: api/products
[23-May-2026 06:03:32 UTC] Method: GET, URI: /api/reports/low-stock, Params: api/reports/low-stock
[23-May-2026 06:03:32 UTC] Method: GET, URI: /api/admin/suppliers, Params: api/admin/suppliers
[23-May-2026 06:03:33 UTC] Method: GET, URI: /api/products, Params: api/products
[23-May-2026 06:03:33 UTC] Method: GET, URI: /api/admin/suppliers, Params: api/admin/suppliers
[23-May-2026 06:03:34 UTC] Method: GET, URI: /api/admin/suppliers, Params: api/admin/suppliers
[23-May-2026 06:03:35 UTC] Method: GET, URI: /api/reports/stock-levels, Params: api/reports/stock-levels
[23-May-2026 06:03:36 UTC] Method: GET, URI: /api/admin/suppliers, Params: api/admin/suppliers
[23-May-2026 06:04:23 UTC] Method: GET, URI: /api/reports/low-stock, Params: api/reports/low-stock
[23-May-2026 06:04:23 UTC] Method: GET, URI: /api/admin/suppliers, Params: api/admin/suppliers
[23-May-2026 06:04:23 UTC] Method: GET, URI: /api/products, Params: api/products
[23-May-2026 06:04:25 UTC] Method: GET, URI: /api/admin/suppliers, Params: api/admin/suppliers
[23-May-2026 06:04:25 UTC] Method: GET, URI: /api/products, Params: api/products
[23-May-2026 06:04:27 UTC] Method: GET, URI: /api/admin/suppliers, Params: api/admin/suppliers
[23-May-2026 06:04:29 UTC] Method: GET, URI: /api/reports/stock-levels, Params: api/reports/stock-levels
[23-May-2026 06:04:32 UTC] Method: GET, URI: /api/admin/suppliers, Params: api/admin/suppliers
[23-May-2026 06:05:16 UTC] Method: GET, URI: /api/reports/stock-levels, Params: api/reports/stock-levels
[23-May-2026 06:08:23 UTC] Method: GET, URI: /api/reports/low-stock, Params: api/reports/low-stock
[23-May-2026 06:08:23 UTC] Method: GET, URI: /api/products, Params: api/products
[23-May-2026 06:08:23 UTC] Method: GET, URI: /api/admin/suppliers, Params: api/admin/suppliers
[23-May-2026 06:08:26 UTC] Method: GET, URI: /api/admin/suppliers, Params: api/admin/suppliers
[23-May-2026 06:08:26 UTC] Method: GET, URI: /api/products, Params: api/products
[23-May-2026 06:08:27 UTC] Method: GET, URI: /api/admin/suppliers, Params: api/admin/suppliers
[23-May-2026 06:13:02 UTC] Method: GET, URI: /api/admin/suppliers, Params: api/admin/suppliers
[23-May-2026 06:13:49 UTC] Method: GET, URI: /api/admin/suppliers, Params: api/admin/suppliers
[23-May-2026 06:14:49 UTC] Method: GET, URI: /api/admin/suppliers, Params: api/admin/suppliers
[23-May-2026 06:14:49 UTC] Method: GET, URI: /api/products, Params: api/products
[23-May-2026 06:14:49 UTC] Method: GET, URI: /api/admin/suppliers, Params: api/admin/suppliers
[23-May-2026 06:14:49 UTC] Method: GET, URI: /api/reports/low-stock, Params: api/reports/low-stock
[23-May-2026 06:15:58 UTC] Method: GET, URI: /api/admin/suppliers, Params: api/admin/suppliers
[23-May-2026 06:15:58 UTC] Method: GET, URI: /api/products, Params: api/products
[23-May-2026 06:15:58 UTC] Method: GET, URI: /api/reports/low-stock, Params: api/reports/low-stock
[23-May-2026 06:16:05 UTC] Method: GET, URI: /api/products, Params: api/products
[23-May-2026 06:16:05 UTC] Method: GET, URI: /api/admin/suppliers, Params: api/admin/suppliers
[23-May-2026 06:16:05 UTC] Method: GET, URI: /api/reports/low-stock, Params: api/reports/low-stock
[23-May-2026 06:16:07 UTC] Method: GET, URI: /api/admin/suppliers, Params: api/admin/suppliers
[23-May-2026 06:16:07 UTC] Method: GET, URI: /api/products, Params: api/products
[23-May-2026 06:16:09 UTC] Method: GET, URI: /api/admin/suppliers, Params: api/admin/suppliers
[23-May-2026 06:16:10 UTC] Method: GET, URI: /api/reports/stock-levels, Params: api/reports/stock-levels
[23-May-2026 06:16:15 UTC] Method: GET, URI: /api/reports/stock-levels, Params: api/reports/stock-levels
[23-May-2026 06:16:20 UTC] Method: GET, URI: /api/reports/stock-levels, Params: api/reports/stock-levels
[23-May-2026 06:16:23 UTC] Method: GET, URI: /api/admin/suppliers, Params: api/admin/suppliers
[23-May-2026 06:16:26 UTC] Method: GET, URI: /api/reports/stock-levels, Params: api/reports/stock-levels
[23-May-2026 06:16:28 UTC] Method: GET, URI: /api/reports/stock-levels, Params: api/reports/stock-levels
[23-May-2026 06:16:28 UTC] Method: GET, URI: /api/reports/low-stock, Params: api/reports/low-stock
[23-May-2026 06:16:46 UTC] Method: GET, URI: /api/admin/suppliers, Params: api/admin/suppliers
[23-May-2026 06:16:47 UTC] Method: GET, URI: /api/reports/stock-levels, Params: api/reports/stock-levels
[23-May-2026 06:16:52 UTC] Method: GET, URI: /api/reports/stock-levels, Params: api/reports/stock-levels
[23-May-2026 06:16:57 UTC] Method: GET, URI: /api/reports/stock-levels, Params: api/reports/stock-levels
[23-May-2026 06:16:59 UTC] Method: GET, URI: /api/admin/suppliers, Params: api/admin/suppliers
[23-May-2026 06:17:00 UTC] Method: GET, URI: /api/reports/stock-levels, Params: api/reports/stock-levels
[23-May-2026 06:17:02 UTC] Method: GET, URI: /api/reports/stock-levels, Params: api/reports/stock-levels
[23-May-2026 06:17:02 UTC] Method: GET, URI: /api/reports/low-stock, Params: api/reports/low-stock
[23-May-2026 06:17:06 UTC] Method: GET, URI: /api/admin/suppliers, Params: api/admin/suppliers
[23-May-2026 06:17:08 UTC] Method: GET, URI: /api/reports/stock-levels, Params: api/reports/stock-levels
[23-May-2026 06:17:13 UTC] Method: GET, URI: /api/reports/stock-levels, Params: api/reports/stock-levels
[23-May-2026 06:17:18 UTC] Method: GET, URI: /api/reports/stock-levels, Params: api/reports/stock-levels
[23-May-2026 06:17:23 UTC] Method: GET, URI: /api/reports/stock-levels, Params: api/reports/stock-levels
[23-May-2026 06:17:28 UTC] Method: GET, URI: /api/reports/stock-levels, Params: api/reports/stock-levels
[23-May-2026 06:17:33 UTC] Method: GET, URI: /api/reports/stock-levels, Params: api/reports/stock-levels
[23-May-2026 06:17:38 UTC] Method: GET, URI: /api/reports/stock-levels, Params: api/reports/stock-levels
[23-May-2026 06:17:43 UTC] Method: GET, URI: /api/reports/stock-levels, Params: api/reports/stock-levels
[23-May-2026 06:17:48 UTC] Method: GET, URI: /api/reports/stock-levels, Params: api/reports/stock-levels
[23-May-2026 06:17:53 UTC] Method: GET, URI: /api/reports/stock-levels, Params: api/reports/stock-levels
[23-May-2026 06:17:58 UTC] Method: GET, URI: /api/reports/stock-levels, Params: api/reports/stock-levels
[23-May-2026 06:18:03 UTC] Method: GET, URI: /api/reports/stock-levels, Params: api/reports/stock-levels
[23-May-2026 06:18:08 UTC] Method: GET, URI: /api/reports/stock-levels, Params: api/reports/stock-levels
[23-May-2026 06:18:13 UTC] Method: GET, URI: /api/reports/stock-levels, Params: api/reports/stock-levels
[23-May-2026 06:18:18 UTC] Method: GET, URI: /api/reports/stock-levels, Params: api/reports/stock-levels
[23-May-2026 06:18:23 UTC] Method: GET, URI: /api/reports/stock-levels, Params: api/reports/stock-levels
[23-May-2026 06:18:28 UTC] Method: GET, URI: /api/reports/stock-levels, Params: api/reports/stock-levels
[23-May-2026 06:18:33 UTC] Method: GET, URI: /api/reports/stock-levels, Params: api/reports/stock-levels
[23-May-2026 06:18:38 UTC] Method: GET, URI: /api/reports/stock-levels, Params: api/reports/stock-levels
[23-May-2026 06:18:43 UTC] Method: GET, URI: /api/reports/stock-levels, Params: api/reports/stock-levels
[23-May-2026 06:18:48 UTC] Method: GET, URI: /api/reports/stock-levels, Params: api/reports/stock-levels
[23-May-2026 06:18:53 UTC] Method: GET, URI: /api/reports/stock-levels, Params: api/reports/stock-levels
[23-May-2026 06:18:58 UTC] Method: GET, URI: /api/reports/stock-levels, Params: api/reports/stock-levels
[23-May-2026 06:19:03 UTC] Method: GET, URI: /api/reports/stock-levels, Params: api/reports/stock-levels
[23-May-2026 06:19:08 UTC] Method: GET, URI: /api/reports/stock-levels, Params: api/reports/stock-levels
[23-May-2026 06:19:13 UTC] Method: GET, URI: /api/reports/stock-levels, Params: api/reports/stock-levels
[23-May-2026 06:19:18 UTC] Method: GET, URI: /api/reports/stock-levels, Params: api/reports/stock-levels
[23-May-2026 06:19:23 UTC] Method: GET, URI: /api/reports/stock-levels, Params: api/reports/stock-levels
[23-May-2026 06:19:28 UTC] Method: GET, URI: /api/reports/stock-levels, Params: api/reports/stock-levels
[23-May-2026 06:19:33 UTC] Method: GET, URI: /api/reports/stock-levels, Params: api/reports/stock-levels
[23-May-2026 06:19:38 UTC] Method: GET, URI: /api/reports/stock-levels, Params: api/reports/stock-levels
[23-May-2026 06:19:43 UTC] Method: GET, URI: /api/reports/stock-levels, Params: api/reports/stock-levels
[23-May-2026 06:19:48 UTC] Method: GET, URI: /api/reports/stock-levels, Params: api/reports/stock-levels
[23-May-2026 06:19:53 UTC] Method: GET, URI: /api/reports/stock-levels, Params: api/reports/stock-levels
[23-May-2026 06:19:58 UTC] Method: GET, URI: /api/reports/stock-levels, Params: api/reports/stock-levels
[23-May-2026 06:20:23 UTC] Method: GET, URI: /api/reports/stock-levels, Params: api/reports/stock-levels
[23-May-2026 06:20:56 UTC] Method: GET, URI: /api/reports/stock-levels, Params: api/reports/stock-levels
[23-May-2026 06:20:58 UTC] Method: GET, URI: /api/reports/stock-levels, Params: api/reports/stock-levels
[23-May-2026 06:21:00 UTC] Method: GET, URI: /api/admin/suppliers, Params: api/admin/suppliers
[23-May-2026 06:21:02 UTC] Method: GET, URI: /api/reports/stock-levels, Params: api/reports/stock-levels
[23-May-2026 06:21:07 UTC] Method: GET, URI: /api/reports/stock-levels, Params: api/reports/stock-levels
[23-May-2026 06:21:12 UTC] Method: GET, URI: /api/reports/stock-levels, Params: api/reports/stock-levels
[23-May-2026 06:21:17 UTC] Method: POST, URI: /api/stock/update, Params: api/stock/update
[23-May-2026 06:21:17 UTC] Method: GET, URI: /api/reports/stock-levels, Params: api/reports/stock-levels
[23-May-2026 06:21:17 UTC] Method: GET, URI: /api/reports/stock-levels, Params: api/reports/stock-levels
[23-May-2026 06:21:22 UTC] Method: GET, URI: /api/reports/stock-levels, Params: api/reports/stock-levels
[23-May-2026 06:21:27 UTC] Method: GET, URI: /api/reports/stock-levels, Params: api/reports/stock-levels
[23-May-2026 06:21:32 UTC] Method: GET, URI: /api/reports/stock-levels, Params: api/reports/stock-levels
[23-May-2026 06:21:37 UTC] Method: GET, URI: /api/reports/stock-levels, Params: api/reports/stock-levels
[23-May-2026 06:21:42 UTC] Method: GET, URI: /api/reports/stock-levels, Params: api/reports/stock-levels
[23-May-2026 06:21:47 UTC] Method: GET, URI: /api/reports/stock-levels, Params: api/reports/stock-levels
[23-May-2026 06:21:52 UTC] Method: GET, URI: /api/reports/stock-levels, Params: api/reports/stock-levels
[23-May-2026 06:21:57 UTC] Method: GET, URI: /api/reports/stock-levels, Params: api/reports/stock-levels
[23-May-2026 06:21:59 UTC] Method: GET, URI: /api/products, Params: api/products
[23-May-2026 06:21:59 UTC] Method: GET, URI: /api/admin/suppliers, Params: api/admin/suppliers
[23-May-2026 06:22:05 UTC] Method: GET, URI: /api/reports/stock-levels, Params: api/reports/stock-levels
[23-May-2026 06:22:06 UTC] Method: GET, URI: /api/admin/suppliers, Params: api/admin/suppliers
[23-May-2026 06:22:10 UTC] Method: GET, URI: /api/reports/stock-levels, Params: api/reports/stock-levels
[23-May-2026 06:22:10 UTC] Method: GET, URI: /api/reports/low-stock, Params: api/reports/low-stock
[23-May-2026 06:22:26 UTC] Method: POST, URI: /api/auth/login, Params: api/auth/login
[23-May-2026 06:22:26 UTC] Method: GET, URI: /api/admin/suppliers, Params: api/admin/suppliers
[23-May-2026 06:22:26 UTC] Method: GET, URI: /api/products, Params: api/products
[23-May-2026 06:22:26 UTC] Method: GET, URI: /api/reports/low-stock, Params: api/reports/low-stock
[23-May-2026 06:22:30 UTC] Method: GET, URI: /api/reports/low-stock, Params: api/reports/low-stock
[23-May-2026 06:22:30 UTC] Method: GET, URI: /api/admin/suppliers, Params: api/admin/suppliers
[23-May-2026 06:22:30 UTC] Method: GET, URI: /api/products, Params: api/products
[23-May-2026 06:22:33 UTC] Method: GET, URI: /api/products, Params: api/products
[23-May-2026 06:22:34 UTC] Method: GET, URI: /api/reports/stock-levels, Params: api/reports/stock-levels
[23-May-2026 06:22:35 UTC] Method: GET, URI: /api/products, Params: api/products
[23-May-2026 06:22:36 UTC] Method: GET, URI: /api/admin/suppliers, Params: api/admin/suppliers
[23-May-2026 06:22:36 UTC] Method: GET, URI: /api/reports/low-stock, Params: api/reports/low-stock
[23-May-2026 06:22:36 UTC] Method: GET, URI: /api/products, Params: api/products
[23-May-2026 06:22:38 UTC] Method: GET, URI: /api/reports/low-stock, Params: api/reports/low-stock
[23-May-2026 06:22:38 UTC] Method: GET, URI: /api/products, Params: api/products
[23-May-2026 06:22:38 UTC] Method: GET, URI: /api/admin/suppliers, Params: api/admin/suppliers
[23-May-2026 06:22:41 UTC] Method: GET, URI: /api/products, Params: api/products
[23-May-2026 06:22:42 UTC] Method: GET, URI: /api/reports/stock-levels, Params: api/reports/stock-levels
[23-May-2026 06:22:45 UTC] Method: GET, URI: /api/products, Params: api/products
[23-May-2026 06:22:45 UTC] Method: GET, URI: /api/admin/suppliers, Params: api/admin/suppliers
[23-May-2026 06:22:45 UTC] Method: GET, URI: /api/reports/low-stock, Params: api/reports/low-stock
[23-May-2026 06:22:46 UTC] Method: GET, URI: /api/reports/stock-levels, Params: api/reports/stock-levels
[23-May-2026 06:22:47 UTC] Method: GET, URI: /api/reports/stock-levels, Params: api/reports/stock-levels
[23-May-2026 06:22:47 UTC] Method: GET, URI: /api/reports/low-stock, Params: api/reports/low-stock
[23-May-2026 06:22:49 UTC] Method: GET, URI: /api/users/profile, Params: api/users/profile
[23-May-2026 06:22:50 UTC] Method: GET, URI: /api/reports/stock-levels, Params: api/reports/stock-levels
[23-May-2026 06:22:50 UTC] Method: GET, URI: /api/reports/low-stock, Params: api/reports/low-stock
[23-May-2026 06:22:51 UTC] Method: GET, URI: /api/reports/stock-levels, Params: api/reports/stock-levels
[23-May-2026 06:22:52 UTC] Method: GET, URI: /api/products, Params: api/products
[23-May-2026 06:22:52 UTC] Method: GET, URI: /api/products, Params: api/products
[23-May-2026 06:22:52 UTC] Method: GET, URI: /api/reports/low-stock, Params: api/reports/low-stock
[23-May-2026 06:22:52 UTC] Method: GET, URI: /api/admin/suppliers, Params: api/admin/suppliers
[23-May-2026 06:22:56 UTC] Method: GET, URI: /api/products, Params: api/products
[23-May-2026 06:23:02 UTC] Method: GET, URI: /api/reports/stock-levels, Params: api/reports/stock-levels
[23-May-2026 06:23:07 UTC] Method: GET, URI: /api/reports/stock-levels, Params: api/reports/stock-levels
[23-May-2026 06:23:08 UTC] Method: GET, URI: /api/reports/low-stock, Params: api/reports/low-stock
[23-May-2026 06:23:08 UTC] Method: GET, URI: /api/reports/stock-levels, Params: api/reports/stock-levels
[23-May-2026 06:23:11 UTC] Method: GET, URI: /api/reports/stock-levels, Params: api/reports/stock-levels
[23-May-2026 06:23:16 UTC] Method: GET, URI: /api/reports/stock-levels, Params: api/reports/stock-levels
[23-May-2026 06:23:21 UTC] Method: GET, URI: /api/reports/stock-levels, Params: api/reports/stock-levels
[23-May-2026 06:23:22 UTC] Method: GET, URI: /api/products, Params: api/products
[23-May-2026 06:23:22 UTC] Method: GET, URI: /api/admin/suppliers, Params: api/admin/suppliers
[23-May-2026 06:23:22 UTC] Method: GET, URI: /api/reports/low-stock, Params: api/reports/low-stock
[23-May-2026 06:23:52 UTC] Method: GET, URI: /api/products, Params: api/products
[23-May-2026 06:23:53 UTC] Method: GET, URI: /api/reports/stock-levels, Params: api/reports/stock-levels
[23-May-2026 06:23:58 UTC] Method: GET, URI: /api/reports/stock-levels, Params: api/reports/stock-levels
[23-May-2026 06:24:09 UTC] Method: POST, URI: /api/auth/login, Params: api/auth/login
[23-May-2026 06:24:09 UTC] Method: GET, URI: /api/products, Params: api/products
[23-May-2026 06:24:09 UTC] Method: GET, URI: /api/reports/low-stock, Params: api/reports/low-stock
[23-May-2026 06:24:10 UTC] Method: GET, URI: /api/admin/suppliers, Params: api/admin/suppliers
[23-May-2026 06:24:13 UTC] Method: GET, URI: /api/products, Params: api/products
[23-May-2026 06:24:13 UTC] Method: GET, URI: /api/admin/suppliers, Params: api/admin/suppliers
[23-May-2026 06:24:17 UTC] Method: GET, URI: /api/admin/suppliers, Params: api/admin/suppliers
[23-May-2026 06:24:41 UTC] Method: POST, URI: /api/suppliers, Params: api/suppliers
[23-May-2026 06:24:41 UTC] Method: GET, URI: /api/admin/suppliers, Params: api/admin/suppliers
[23-May-2026 06:24:47 UTC] Method: GET, URI: /api/products, Params: api/products
[23-May-2026 06:24:47 UTC] Method: GET, URI: /api/admin/suppliers, Params: api/admin/suppliers
[23-May-2026 06:26:00 UTC] Method: POST, URI: /api/products, Params: api/products
[23-May-2026 06:26:00 UTC] PDOException: SQLSTATE[HY000]: General error: 2014 Cannot execute queries while there are pending result sets. Consider unsetting the previous PDOStatement or calling PDOStatement::closeCursor()
[23-May-2026 06:26:26 UTC] Method: POST, URI: /api/products, Params: api/products
[23-May-2026 06:26:26 UTC] PDOException: SQLSTATE[23000]: Integrity constraint violation: 1062 Duplicate entry 'GPU1' for key 'tbl_products.uq_sku'
[23-May-2026 06:26:45 UTC] Method: GET, URI: /api/products, Params: api/products
[23-May-2026 06:26:45 UTC] Method: GET, URI: /api/admin/suppliers, Params: api/admin/suppliers
[23-May-2026 06:26:45 UTC] Method: GET, URI: /api/reports/low-stock, Params: api/reports/low-stock
[23-May-2026 06:26:48 UTC] Method: GET, URI: /api/admin/suppliers, Params: api/admin/suppliers
[23-May-2026 06:26:48 UTC] Method: GET, URI: /api/products, Params: api/products
[23-May-2026 06:26:52 UTC] Method: GET, URI: /api/admin/suppliers, Params: api/admin/suppliers
[23-May-2026 06:26:53 UTC] Method: GET, URI: /api/products, Params: api/products
[23-May-2026 06:26:53 UTC] Method: GET, URI: /api/admin/suppliers, Params: api/admin/suppliers
[23-May-2026 06:27:46 UTC] Method: GET, URI: /api/admin/suppliers, Params: api/admin/suppliers
[23-May-2026 06:27:46 UTC] Method: GET, URI: /api/products, Params: api/products
[23-May-2026 06:27:49 UTC] Method: GET, URI: /api/products, Params: api/products
[23-May-2026 06:27:49 UTC] Method: GET, URI: /api/admin/suppliers, Params: api/admin/suppliers
[23-May-2026 06:27:49 UTC] Method: GET, URI: /api/reports/low-stock, Params: api/reports/low-stock
[23-May-2026 06:28:03 UTC] Method: GET, URI: /api/products, Params: api/products
[23-May-2026 06:28:03 UTC] Method: GET, URI: /api/reports/low-stock, Params: api/reports/low-stock
[23-May-2026 06:28:03 UTC] Method: GET, URI: /api/admin/suppliers, Params: api/admin/suppliers
[23-May-2026 06:28:06 UTC] Method: GET, URI: /api/admin/suppliers, Params: api/admin/suppliers
[23-May-2026 06:28:06 UTC] Method: GET, URI: /api/products, Params: api/products
[23-May-2026 06:28:29 UTC] Method: POST, URI: /api/products, Params: api/products
[23-May-2026 06:28:29 UTC] Method: GET, URI: /api/products, Params: api/products
[23-May-2026 06:28:41 UTC] Method: GET, URI: /api/reports/stock-levels, Params: api/reports/stock-levels
[23-May-2026 06:28:46 UTC] Method: GET, URI: /api/reports/stock-levels, Params: api/reports/stock-levels
[23-May-2026 06:28:51 UTC] Method: GET, URI: /api/reports/stock-levels, Params: api/reports/stock-levels
[23-May-2026 06:28:56 UTC] Method: GET, URI: /api/reports/stock-levels, Params: api/reports/stock-levels
[23-May-2026 06:29:01 UTC] Method: GET, URI: /api/reports/stock-levels, Params: api/reports/stock-levels
[23-May-2026 06:29:06 UTC] Method: GET, URI: /api/reports/stock-levels, Params: api/reports/stock-levels
[23-May-2026 06:29:11 UTC] Method: GET, URI: /api/reports/stock-levels, Params: api/reports/stock-levels
[23-May-2026 06:29:16 UTC] Method: POST, URI: /api/stock/update, Params: api/stock/update
[23-May-2026 06:29:16 UTC] Method: GET, URI: /api/reports/stock-levels, Params: api/reports/stock-levels
[23-May-2026 06:29:16 UTC] Method: GET, URI: /api/reports/stock-levels, Params: api/reports/stock-levels
[23-May-2026 06:29:19 UTC] Method: GET, URI: /api/admin/suppliers, Params: api/admin/suppliers
[23-May-2026 06:29:20 UTC] Method: GET, URI: /api/products, Params: api/products
[23-May-2026 06:29:20 UTC] Method: GET, URI: /api/admin/suppliers, Params: api/admin/suppliers
[23-May-2026 06:29:35 UTC] Method: GET, URI: /api/admin/suppliers, Params: api/admin/suppliers
[23-May-2026 06:29:37 UTC] Method: GET, URI: /api/admin/suppliers, Params: api/admin/suppliers
[23-May-2026 06:29:37 UTC] Method: GET, URI: /api/products, Params: api/products
[23-May-2026 06:29:42 UTC] Method: GET, URI: /api/admin/suppliers, Params: api/admin/suppliers
[23-May-2026 06:29:44 UTC] Method: GET, URI: /api/products, Params: api/products
[23-May-2026 06:29:44 UTC] Method: GET, URI: /api/admin/suppliers, Params: api/admin/suppliers
[23-May-2026 06:30:06 UTC] Method: GET, URI: /api/admin/suppliers, Params: api/admin/suppliers
[23-May-2026 06:30:06 UTC] Method: GET, URI: /api/products, Params: api/products
[23-May-2026 06:32:44 UTC] Method: GET, URI: /api/admin/suppliers, Params: api/admin/suppliers
[23-May-2026 06:32:44 UTC] Method: GET, URI: /api/products, Params: api/products
[23-May-2026 06:32:44 UTC] Method: GET, URI: /api/reports/low-stock, Params: api/reports/low-stock
[23-May-2026 06:32:44 UTC] Method: GET, URI: /api/reports/low-stock, Params: api/reports/low-stock
[23-May-2026 06:32:44 UTC] Method: GET, URI: /api/products, Params: api/products
[23-May-2026 06:32:44 UTC] Method: GET, URI: /api/admin/suppliers, Params: api/admin/suppliers
[23-May-2026 06:32:44 UTC] Method: GET, URI: /api/reports/low-stock, Params: api/reports/low-stock
[23-May-2026 06:32:44 UTC] Method: GET, URI: /api/admin/suppliers, Params: api/admin/suppliers
[23-May-2026 06:32:44 UTC] Method: GET, URI: /api/products, Params: api/products
[23-May-2026 06:32:45 UTC] Method: GET, URI: /api/admin/suppliers, Params: api/admin/suppliers
[23-May-2026 06:32:45 UTC] Method: GET, URI: /api/reports/low-stock, Params: api/reports/low-stock
[23-May-2026 06:32:45 UTC] Method: GET, URI: /api/products, Params: api/products
[23-May-2026 06:32:59 UTC] Method: GET, URI: /api/products, Params: api/products
[23-May-2026 06:32:59 UTC] Method: GET, URI: /api/admin/suppliers, Params: api/admin/suppliers
[23-May-2026 06:33:03 UTC] Method: GET, URI: /api/admin/suppliers, Params: api/admin/suppliers
[23-May-2026 06:33:04 UTC] Method: GET, URI: /api/reports/stock-levels, Params: api/reports/stock-levels
[23-May-2026 06:33:10 UTC] Method: GET, URI: /api/reports/stock-levels, Params: api/reports/stock-levels
[23-May-2026 06:33:15 UTC] Method: GET, URI: /api/reports/stock-levels, Params: api/reports/stock-levels
[23-May-2026 06:33:20 UTC] Method: GET, URI: /api/reports/stock-levels, Params: api/reports/stock-levels
[23-May-2026 06:33:25 UTC] Method: GET, URI: /api/reports/stock-levels, Params: api/reports/stock-levels
[23-May-2026 06:33:30 UTC] Method: GET, URI: /api/reports/stock-levels, Params: api/reports/stock-levels
[23-May-2026 06:33:34 UTC] Method: GET, URI: /api/reports/stock-levels, Params: api/reports/stock-levels
[23-May-2026 06:33:40 UTC] Method: GET, URI: /api/reports/stock-levels, Params: api/reports/stock-levels
[23-May-2026 06:33:45 UTC] Method: GET, URI: /api/reports/stock-levels, Params: api/reports/stock-levels
[23-May-2026 06:33:50 UTC] Method: GET, URI: /api/reports/stock-levels, Params: api/reports/stock-levels
[23-May-2026 06:33:55 UTC] Method: GET, URI: /api/reports/stock-levels, Params: api/reports/stock-levels
[23-May-2026 06:34:00 UTC] Method: GET, URI: /api/reports/stock-levels, Params: api/reports/stock-levels
[23-May-2026 06:34:05 UTC] Method: GET, URI: /api/reports/stock-levels, Params: api/reports/stock-levels
[23-May-2026 06:34:09 UTC] Method: GET, URI: /api/reports/stock-levels, Params: api/reports/stock-levels
[23-May-2026 06:34:14 UTC] Method: GET, URI: /api/reports/stock-levels, Params: api/reports/stock-levels
[23-May-2026 06:34:20 UTC] Method: GET, URI: /api/reports/stock-levels, Params: api/reports/stock-levels
[23-May-2026 06:34:25 UTC] Method: GET, URI: /api/reports/stock-levels, Params: api/reports/stock-levels
[23-May-2026 06:34:30 UTC] Method: GET, URI: /api/reports/stock-levels, Params: api/reports/stock-levels
[23-May-2026 06:34:35 UTC] Method: GET, URI: /api/reports/stock-levels, Params: api/reports/stock-levels
[23-May-2026 06:34:40 UTC] Method: GET, URI: /api/reports/stock-levels, Params: api/reports/stock-levels
[23-May-2026 06:34:45 UTC] Method: GET, URI: /api/reports/stock-levels, Params: api/reports/stock-levels
[23-May-2026 06:34:50 UTC] Method: GET, URI: /api/reports/stock-levels, Params: api/reports/stock-levels
[23-May-2026 06:34:55 UTC] Method: GET, URI: /api/reports/stock-levels, Params: api/reports/stock-levels
[23-May-2026 06:35:00 UTC] Method: GET, URI: /api/reports/stock-levels, Params: api/reports/stock-levels
[23-May-2026 06:35:05 UTC] Method: GET, URI: /api/reports/stock-levels, Params: api/reports/stock-levels
[23-May-2026 06:35:10 UTC] Method: GET, URI: /api/reports/stock-levels, Params: api/reports/stock-levels
[23-May-2026 06:35:15 UTC] Method: GET, URI: /api/reports/stock-levels, Params: api/reports/stock-levels
[23-May-2026 06:35:23 UTC] Method: GET, URI: /api/reports/stock-levels, Params: api/reports/stock-levels
[23-May-2026 06:35:57 UTC] Method: GET, URI: /api/reports/stock-levels, Params: api/reports/stock-levels
[23-May-2026 06:35:57 UTC] Method: GET, URI: /api/products, Params: api/products
[23-May-2026 06:36:02 UTC] Method: GET, URI: /api/reports/stock-levels, Params: api/reports/stock-levels
[23-May-2026 06:36:07 UTC] Method: GET, URI: /api/reports/stock-levels, Params: api/reports/stock-levels
[23-May-2026 06:36:11 UTC] Method: GET, URI: /api/reports/stock-levels, Params: api/reports/stock-levels
[23-May-2026 06:36:11 UTC] Method: GET, URI: /api/products, Params: api/products
[23-May-2026 06:36:17 UTC] Method: GET, URI: /api/reports/stock-levels, Params: api/reports/stock-levels
[23-May-2026 06:36:22 UTC] Method: GET, URI: /api/reports/stock-levels, Params: api/reports/stock-levels
[23-May-2026 06:36:27 UTC] Method: GET, URI: /api/reports/stock-levels, Params: api/reports/stock-levels
[23-May-2026 06:36:38 UTC] Method: GET, URI: /api/reports/stock-levels, Params: api/reports/stock-levels
[23-May-2026 06:37:09 UTC] Method: GET, URI: /api/products, Params: api/products
[23-May-2026 06:37:09 UTC] Method: GET, URI: /api/reports/stock-levels, Params: api/reports/stock-levels
[23-May-2026 06:37:09 UTC] Method: GET, URI: /api/reports/stock-levels, Params: api/reports/stock-levels
[23-May-2026 06:37:13 UTC] Method: GET, URI: /api/admin/suppliers, Params: api/admin/suppliers
[23-May-2026 06:37:13 UTC] Method: GET, URI: /api/products, Params: api/products
[23-May-2026 06:37:13 UTC] Method: GET, URI: /api/reports/low-stock, Params: api/reports/low-stock
[23-May-2026 06:37:15 UTC] Method: GET, URI: /api/reports/stock-levels, Params: api/reports/stock-levels
[23-May-2026 06:37:15 UTC] Method: GET, URI: /api/products, Params: api/products
[23-May-2026 06:37:20 UTC] Method: GET, URI: /api/reports/stock-levels, Params: api/reports/stock-levels
[23-May-2026 06:37:25 UTC] Method: GET, URI: /api/reports/stock-levels, Params: api/reports/stock-levels
[23-May-2026 06:37:30 UTC] Method: GET, URI: /api/reports/stock-levels, Params: api/reports/stock-levels
[23-May-2026 06:37:34 UTC] Method: POST, URI: /api/stock/update, Params: api/stock/update
[23-May-2026 06:37:34 UTC] Method: GET, URI: /api/reports/stock-levels, Params: api/reports/stock-levels
[23-May-2026 06:37:35 UTC] Method: GET, URI: /api/reports/stock-levels, Params: api/reports/stock-levels
[23-May-2026 06:37:40 UTC] Method: GET, URI: /api/reports/stock-levels, Params: api/reports/stock-levels
[23-May-2026 06:37:45 UTC] Method: GET, URI: /api/reports/stock-levels, Params: api/reports/stock-levels
[23-May-2026 06:37:50 UTC] Method: GET, URI: /api/reports/stock-levels, Params: api/reports/stock-levels
[23-May-2026 06:37:52 UTC] Method: GET, URI: /api/admin/suppliers, Params: api/admin/suppliers
[23-May-2026 06:37:53 UTC] Method: GET, URI: /api/admin/suppliers, Params: api/admin/suppliers
[23-May-2026 06:37:54 UTC] Method: GET, URI: /api/products, Params: api/products
[23-May-2026 06:38:02 UTC] Method: POST, URI: /api/auth/login, Params: api/auth/login
[23-May-2026 06:38:02 UTC] Method: GET, URI: /api/products, Params: api/products
[23-May-2026 06:38:02 UTC] Method: GET, URI: /api/reports/low-stock, Params: api/reports/low-stock
[23-May-2026 06:38:02 UTC] Method: GET, URI: /api/admin/suppliers, Params: api/admin/suppliers
[23-May-2026 06:38:13 UTC] Method: POST, URI: /api/auth/login, Params: api/auth/login
[23-May-2026 06:38:13 UTC] Method: GET, URI: /api/reports/low-stock, Params: api/reports/low-stock
[23-May-2026 06:38:13 UTC] Method: GET, URI: /api/admin/suppliers, Params: api/admin/suppliers
[23-May-2026 06:38:13 UTC] Method: GET, URI: /api/products, Params: api/products
[23-May-2026 06:39:37 UTC] Method: GET, URI: /api/admin/suppliers, Params: api/admin/suppliers
[23-May-2026 06:39:37 UTC] Method: GET, URI: /api/products, Params: api/products
[23-May-2026 06:39:37 UTC] Method: GET, URI: /api/reports/low-stock, Params: api/reports/low-stock
[23-May-2026 06:39:41 UTC] Method: GET, URI: /api/admin/suppliers, Params: api/admin/suppliers
[23-May-2026 06:39:41 UTC] Method: GET, URI: /api/reports/low-stock, Params: api/reports/low-stock
[23-May-2026 06:39:41 UTC] Method: GET, URI: /api/products, Params: api/products
[23-May-2026 06:39:44 UTC] Method: GET, URI: /api/products, Params: api/products
[23-May-2026 06:39:44 UTC] Method: GET, URI: /api/admin/suppliers, Params: api/admin/suppliers
[23-May-2026 06:39:44 UTC] Method: GET, URI: /api/reports/low-stock, Params: api/reports/low-stock
[23-May-2026 06:39:47 UTC] Method: GET, URI: /api/products, Params: api/products
[23-May-2026 06:39:47 UTC] Method: GET, URI: /api/admin/suppliers, Params: api/admin/suppliers
[23-May-2026 06:39:47 UTC] Method: GET, URI: /api/reports/low-stock, Params: api/reports/low-stock
[23-May-2026 06:39:50 UTC] Method: GET, URI: /api/products, Params: api/products
[23-May-2026 06:39:50 UTC] Method: GET, URI: /api/reports/low-stock, Params: api/reports/low-stock
[23-May-2026 06:39:50 UTC] Method: GET, URI: /api/admin/suppliers, Params: api/admin/suppliers
[23-May-2026 06:39:53 UTC] Method: GET, URI: /api/reports/low-stock, Params: api/reports/low-stock
[23-May-2026 06:39:53 UTC] Method: GET, URI: /api/admin/suppliers, Params: api/admin/suppliers
[23-May-2026 06:39:53 UTC] Method: GET, URI: /api/products, Params: api/products
[23-May-2026 06:39:53 UTC] Method: GET, URI: /api/reports/low-stock, Params: api/reports/low-stock
[23-May-2026 06:39:53 UTC] Method: GET, URI: /api/products, Params: api/products
[23-May-2026 06:39:53 UTC] Method: GET, URI: /api/admin/suppliers, Params: api/admin/suppliers
[23-May-2026 06:39:57 UTC] Method: GET, URI: /api/reports/low-stock, Params: api/reports/low-stock
[23-May-2026 06:39:57 UTC] Method: GET, URI: /api/products, Params: api/products
[23-May-2026 06:39:57 UTC] Method: GET, URI: /api/admin/suppliers, Params: api/admin/suppliers
[23-May-2026 06:40:00 UTC] Method: GET, URI: /api/products, Params: api/products
[23-May-2026 06:40:00 UTC] Method: GET, URI: /api/admin/suppliers, Params: api/admin/suppliers
[23-May-2026 06:40:00 UTC] Method: GET, URI: /api/reports/low-stock, Params: api/reports/low-stock
[23-May-2026 06:40:03 UTC] Method: GET, URI: /api/admin/suppliers, Params: api/admin/suppliers
[23-May-2026 06:40:03 UTC] Method: GET, URI: /api/products, Params: api/products
[23-May-2026 06:40:03 UTC] Method: GET, URI: /api/reports/low-stock, Params: api/reports/low-stock
[23-May-2026 06:40:06 UTC] Method: GET, URI: /api/reports/low-stock, Params: api/reports/low-stock
[23-May-2026 06:40:06 UTC] Method: GET, URI: /api/products, Params: api/products
[23-May-2026 06:40:06 UTC] Method: GET, URI: /api/admin/suppliers, Params: api/admin/suppliers
[23-May-2026 06:40:07 UTC] Method: GET, URI: /api/reports/low-stock, Params: api/reports/low-stock
[23-May-2026 06:40:07 UTC] Method: GET, URI: /api/products, Params: api/products
[23-May-2026 06:40:07 UTC] Method: GET, URI: /api/admin/suppliers, Params: api/admin/suppliers
[23-May-2026 06:40:11 UTC] Method: GET, URI: /api/products, Params: api/products
[23-May-2026 06:40:11 UTC] Method: GET, URI: /api/reports/low-stock, Params: api/reports/low-stock
[23-May-2026 06:40:11 UTC] Method: GET, URI: /api/admin/suppliers, Params: api/admin/suppliers
[23-May-2026 06:40:14 UTC] Method: GET, URI: /api/products, Params: api/products
[23-May-2026 06:40:14 UTC] Method: GET, URI: /api/admin/suppliers, Params: api/admin/suppliers
[23-May-2026 06:40:14 UTC] Method: GET, URI: /api/reports/low-stock, Params: api/reports/low-stock
[23-May-2026 06:40:17 UTC] Method: GET, URI: /api/admin/suppliers, Params: api/admin/suppliers
[23-May-2026 06:40:17 UTC] Method: GET, URI: /api/products, Params: api/products
[23-May-2026 06:40:17 UTC] Method: GET, URI: /api/reports/low-stock, Params: api/reports/low-stock
[23-May-2026 06:40:20 UTC] Method: GET, URI: /api/products, Params: api/products
[23-May-2026 06:40:20 UTC] Method: GET, URI: /api/reports/low-stock, Params: api/reports/low-stock
[23-May-2026 06:40:20 UTC] Method: GET, URI: /api/admin/suppliers, Params: api/admin/suppliers
[23-May-2026 06:40:23 UTC] Method: GET, URI: /api/admin/suppliers, Params: api/admin/suppliers
[23-May-2026 06:40:23 UTC] Method: GET, URI: /api/products, Params: api/products
[23-May-2026 06:40:23 UTC] Method: GET, URI: /api/reports/low-stock, Params: api/reports/low-stock
[23-May-2026 06:40:23 UTC] Method: GET, URI: /api/products, Params: api/products
[23-May-2026 06:40:23 UTC] Method: GET, URI: /api/reports/low-stock, Params: api/reports/low-stock
[23-May-2026 06:40:23 UTC] Method: GET, URI: /api/admin/suppliers, Params: api/admin/suppliers
[23-May-2026 06:40:27 UTC] Method: GET, URI: /api/reports/low-stock, Params: api/reports/low-stock
[23-May-2026 06:40:27 UTC] Method: GET, URI: /api/admin/suppliers, Params: api/admin/suppliers
[23-May-2026 06:40:27 UTC] Method: GET, URI: /api/products, Params: api/products
[23-May-2026 06:40:30 UTC] Method: GET, URI: /api/products, Params: api/products
[23-May-2026 06:40:30 UTC] Method: GET, URI: /api/admin/suppliers, Params: api/admin/suppliers
[23-May-2026 06:40:30 UTC] Method: GET, URI: /api/reports/low-stock, Params: api/reports/low-stock
[23-May-2026 06:40:33 UTC] Method: GET, URI: /api/reports/low-stock, Params: api/reports/low-stock
[23-May-2026 06:40:33 UTC] Method: GET, URI: /api/products, Params: api/products
[23-May-2026 06:40:33 UTC] Method: GET, URI: /api/admin/suppliers, Params: api/admin/suppliers
[23-May-2026 06:40:36 UTC] Method: GET, URI: /api/reports/low-stock, Params: api/reports/low-stock
[23-May-2026 06:40:36 UTC] Method: GET, URI: /api/admin/suppliers, Params: api/admin/suppliers
[23-May-2026 06:40:36 UTC] Method: GET, URI: /api/products, Params: api/products
[23-May-2026 06:40:38 UTC] Method: GET, URI: /api/products, Params: api/products
[23-May-2026 06:40:38 UTC] Method: GET, URI: /api/reports/low-stock, Params: api/reports/low-stock
[23-May-2026 06:40:38 UTC] Method: GET, URI: /api/admin/suppliers, Params: api/admin/suppliers
[23-May-2026 06:40:42 UTC] Method: GET, URI: /api/reports/low-stock, Params: api/reports/low-stock
[23-May-2026 06:40:42 UTC] Method: GET, URI: /api/products, Params: api/products
[23-May-2026 06:40:42 UTC] Method: GET, URI: /api/admin/suppliers, Params: api/admin/suppliers
[23-May-2026 06:40:45 UTC] Method: GET, URI: /api/admin/suppliers, Params: api/admin/suppliers
[23-May-2026 06:40:45 UTC] Method: GET, URI: /api/reports/low-stock, Params: api/reports/low-stock
[23-May-2026 06:40:45 UTC] Method: GET, URI: /api/products, Params: api/products
[23-May-2026 06:40:48 UTC] Method: GET, URI: /api/products, Params: api/products
[23-May-2026 06:40:48 UTC] Method: GET, URI: /api/reports/low-stock, Params: api/reports/low-stock
[23-May-2026 06:40:48 UTC] Method: GET, URI: /api/admin/suppliers, Params: api/admin/suppliers
[23-May-2026 06:40:51 UTC] Method: GET, URI: /api/admin/suppliers, Params: api/admin/suppliers
[23-May-2026 06:40:51 UTC] Method: GET, URI: /api/products, Params: api/products
[23-May-2026 06:40:51 UTC] Method: GET, URI: /api/reports/low-stock, Params: api/reports/low-stock
[23-May-2026 06:40:54 UTC] Method: GET, URI: /api/products, Params: api/products
[23-May-2026 06:40:54 UTC] Method: GET, URI: /api/admin/suppliers, Params: api/admin/suppliers
[23-May-2026 06:40:54 UTC] Method: GET, URI: /api/reports/low-stock, Params: api/reports/low-stock
[23-May-2026 06:41:14 UTC] Method: GET, URI: /api/products, Params: api/products
[23-May-2026 06:41:14 UTC] Method: GET, URI: /api/admin/suppliers, Params: api/admin/suppliers
[23-May-2026 06:41:14 UTC] Method: GET, URI: /api/reports/low-stock, Params: api/reports/low-stock
[23-May-2026 06:41:18 UTC] Method: GET, URI: /api/reports/low-stock, Params: api/reports/low-stock
[23-May-2026 06:41:18 UTC] Method: GET, URI: /api/products, Params: api/products
[23-May-2026 06:41:18 UTC] Method: GET, URI: /api/admin/suppliers, Params: api/admin/suppliers
[23-May-2026 06:41:21 UTC] Method: GET, URI: /api/admin/suppliers, Params: api/admin/suppliers
[23-May-2026 06:41:21 UTC] Method: GET, URI: /api/reports/low-stock, Params: api/reports/low-stock
[23-May-2026 06:41:21 UTC] Method: GET, URI: /api/products, Params: api/products
[23-May-2026 06:41:24 UTC] Method: GET, URI: /api/products, Params: api/products
[23-May-2026 06:41:24 UTC] Method: GET, URI: /api/admin/suppliers, Params: api/admin/suppliers
[23-May-2026 06:41:24 UTC] Method: GET, URI: /api/reports/low-stock, Params: api/reports/low-stock
[23-May-2026 06:41:27 UTC] Method: GET, URI: /api/admin/suppliers, Params: api/admin/suppliers
[23-May-2026 06:41:27 UTC] Method: GET, URI: /api/products, Params: api/products
[23-May-2026 06:41:27 UTC] Method: GET, URI: /api/reports/low-stock, Params: api/reports/low-stock
[23-May-2026 06:41:30 UTC] Method: GET, URI: /api/products, Params: api/products
[23-May-2026 06:41:30 UTC] Method: GET, URI: /api/reports/low-stock, Params: api/reports/low-stock
[23-May-2026 06:41:30 UTC] Method: GET, URI: /api/admin/suppliers, Params: api/admin/suppliers
[23-May-2026 06:41:40 UTC] Method: GET, URI: /api/products, Params: api/products
[23-May-2026 06:41:40 UTC] Method: GET, URI: /api/admin/suppliers, Params: api/admin/suppliers
[23-May-2026 06:41:40 UTC] Method: GET, URI: /api/reports/low-stock, Params: api/reports/low-stock
[23-May-2026 06:41:44 UTC] Method: GET, URI: /api/products, Params: api/products
[23-May-2026 06:41:44 UTC] Method: GET, URI: /api/reports/low-stock, Params: api/reports/low-stock
[23-May-2026 06:41:44 UTC] Method: GET, URI: /api/admin/suppliers, Params: api/admin/suppliers
[23-May-2026 06:41:47 UTC] Method: GET, URI: /api/products, Params: api/products
[23-May-2026 06:41:47 UTC] Method: GET, URI: /api/admin/suppliers, Params: api/admin/suppliers
[23-May-2026 06:41:47 UTC] Method: GET, URI: /api/reports/low-stock, Params: api/reports/low-stock
[23-May-2026 06:41:50 UTC] Method: GET, URI: /api/reports/low-stock, Params: api/reports/low-stock
[23-May-2026 06:41:50 UTC] Method: GET, URI: /api/admin/suppliers, Params: api/admin/suppliers
[23-May-2026 06:41:50 UTC] Method: GET, URI: /api/products, Params: api/products
[23-May-2026 06:41:53 UTC] Method: GET, URI: /api/reports/low-stock, Params: api/reports/low-stock
[23-May-2026 06:41:53 UTC] Method: GET, URI: /api/products, Params: api/products
[23-May-2026 06:41:53 UTC] Method: GET, URI: /api/admin/suppliers, Params: api/admin/suppliers
[23-May-2026 06:41:56 UTC] Method: GET, URI: /api/reports/low-stock, Params: api/reports/low-stock
[23-May-2026 06:41:56 UTC] Method: GET, URI: /api/admin/suppliers, Params: api/admin/suppliers
[23-May-2026 06:41:56 UTC] Method: GET, URI: /api/products, Params: api/products
[23-May-2026 06:42:08 UTC] Method: GET, URI: /api/admin/suppliers, Params: api/admin/suppliers
[23-May-2026 06:42:08 UTC] Method: GET, URI: /api/reports/low-stock, Params: api/reports/low-stock
[23-May-2026 06:42:08 UTC] Method: GET, URI: /api/products, Params: api/products
[23-May-2026 06:42:10 UTC] Method: GET, URI: /api/admin/suppliers, Params: api/admin/suppliers
[23-May-2026 06:42:10 UTC] Method: GET, URI: /api/reports/low-stock, Params: api/reports/low-stock
[23-May-2026 06:42:10 UTC] Method: GET, URI: /api/products, Params: api/products
[23-May-2026 06:42:12 UTC] Method: GET, URI: /api/admin/suppliers, Params: api/admin/suppliers
[23-May-2026 06:42:12 UTC] Method: GET, URI: /api/products, Params: api/products
[23-May-2026 06:42:12 UTC] Method: GET, URI: /api/reports/low-stock, Params: api/reports/low-stock
[23-May-2026 06:42:15 UTC] Method: GET, URI: /api/admin/suppliers, Params: api/admin/suppliers
[23-May-2026 06:42:15 UTC] Method: GET, URI: /api/products, Params: api/products
[23-May-2026 06:42:15 UTC] Method: GET, URI: /api/reports/low-stock, Params: api/reports/low-stock
[23-May-2026 06:42:16 UTC] Method: GET, URI: /api/products, Params: api/products
[23-May-2026 06:42:17 UTC] Method: GET, URI: /api/admin/suppliers, Params: api/admin/suppliers
[23-May-2026 06:42:17 UTC] Method: GET, URI: /api/products, Params: api/products
[23-May-2026 06:42:17 UTC] Method: GET, URI: /api/reports/low-stock, Params: api/reports/low-stock
[23-May-2026 06:42:19 UTC] Method: GET, URI: /api/products, Params: api/products
[23-May-2026 06:42:19 UTC] Method: GET, URI: /api/reports/low-stock, Params: api/reports/low-stock
[23-May-2026 06:42:19 UTC] Method: GET, URI: /api/admin/suppliers, Params: api/admin/suppliers
[23-May-2026 06:42:21 UTC] Method: GET, URI: /api/admin/suppliers, Params: api/admin/suppliers
[23-May-2026 06:42:21 UTC] Method: GET, URI: /api/products, Params: api/products
[23-May-2026 06:42:21 UTC] Method: GET, URI: /api/reports/low-stock, Params: api/reports/low-stock
[23-May-2026 06:42:24 UTC] Method: GET, URI: /api/admin/suppliers, Params: api/admin/suppliers
[23-May-2026 06:42:24 UTC] Method: GET, URI: /api/products, Params: api/products
[23-May-2026 06:42:24 UTC] Method: GET, URI: /api/reports/low-stock, Params: api/reports/low-stock
[23-May-2026 06:42:27 UTC] Method: GET, URI: /api/admin/suppliers, Params: api/admin/suppliers
[23-May-2026 06:42:27 UTC] Method: GET, URI: /api/products, Params: api/products
[23-May-2026 06:42:27 UTC] Method: GET, URI: /api/reports/low-stock, Params: api/reports/low-stock
[23-May-2026 06:42:30 UTC] Method: GET, URI: /api/products, Params: api/products
[23-May-2026 06:42:30 UTC] Method: GET, URI: /api/reports/low-stock, Params: api/reports/low-stock
[23-May-2026 06:42:30 UTC] Method: GET, URI: /api/admin/suppliers, Params: api/admin/suppliers
[23-May-2026 06:42:33 UTC] Method: GET, URI: /api/products, Params: api/products
[23-May-2026 06:42:33 UTC] Method: GET, URI: /api/admin/suppliers, Params: api/admin/suppliers
[23-May-2026 06:42:33 UTC] Method: GET, URI: /api/reports/low-stock, Params: api/reports/low-stock
[23-May-2026 06:42:36 UTC] Method: GET, URI: /api/products, Params: api/products
[23-May-2026 06:42:36 UTC] Method: GET, URI: /api/reports/low-stock, Params: api/reports/low-stock
[23-May-2026 06:42:36 UTC] Method: GET, URI: /api/admin/suppliers, Params: api/admin/suppliers
[23-May-2026 06:42:39 UTC] Method: GET, URI: /api/reports/low-stock, Params: api/reports/low-stock
[23-May-2026 06:42:39 UTC] Method: GET, URI: /api/admin/suppliers, Params: api/admin/suppliers
[23-May-2026 06:42:39 UTC] Method: GET, URI: /api/products, Params: api/products
[23-May-2026 06:42:42 UTC] Method: GET, URI: /api/reports/low-stock, Params: api/reports/low-stock
[23-May-2026 06:42:42 UTC] Method: GET, URI: /api/admin/suppliers, Params: api/admin/suppliers
[23-May-2026 06:42:42 UTC] Method: GET, URI: /api/products, Params: api/products
[23-May-2026 06:42:45 UTC] Method: GET, URI: /api/products, Params: api/products
[23-May-2026 06:42:45 UTC] Method: GET, URI: /api/admin/suppliers, Params: api/admin/suppliers
[23-May-2026 06:42:45 UTC] Method: GET, URI: /api/reports/low-stock, Params: api/reports/low-stock
[23-May-2026 06:42:48 UTC] Method: GET, URI: /api/products, Params: api/products
[23-May-2026 06:42:48 UTC] Method: GET, URI: /api/admin/suppliers, Params: api/admin/suppliers
[23-May-2026 06:42:48 UTC] Method: GET, URI: /api/reports/low-stock, Params: api/reports/low-stock
[23-May-2026 06:42:51 UTC] Method: GET, URI: /api/reports/low-stock, Params: api/reports/low-stock
[23-May-2026 06:42:51 UTC] Method: GET, URI: /api/products, Params: api/products
[23-May-2026 06:42:51 UTC] Method: GET, URI: /api/admin/suppliers, Params: api/admin/suppliers
[23-May-2026 06:42:54 UTC] Method: GET, URI: /api/products, Params: api/products
[23-May-2026 06:42:54 UTC] Method: GET, URI: /api/reports/low-stock, Params: api/reports/low-stock
[23-May-2026 06:42:54 UTC] Method: GET, URI: /api/admin/suppliers, Params: api/admin/suppliers
[23-May-2026 06:42:55 UTC] Method: GET, URI: /api/products, Params: api/products
[23-May-2026 06:42:57 UTC] Method: GET, URI: /api/reports/stock-levels, Params: api/reports/stock-levels
[23-May-2026 06:42:57 UTC] Method: GET, URI: /api/products, Params: api/products
[23-May-2026 06:43:00 UTC] Method: GET, URI: /api/reports/stock-levels, Params: api/reports/stock-levels
[23-May-2026 06:43:00 UTC] Method: GET, URI: /api/reports/low-stock, Params: api/reports/low-stock
[23-May-2026 06:43:01 UTC] Method: GET, URI: /api/users/profile, Params: api/users/profile
[23-May-2026 06:43:02 UTC] Method: GET, URI: /api/reports/low-stock, Params: api/reports/low-stock
[23-May-2026 06:43:02 UTC] Method: GET, URI: /api/admin/suppliers, Params: api/admin/suppliers
[23-May-2026 06:43:02 UTC] Method: GET, URI: /api/products, Params: api/products
[23-May-2026 06:43:05 UTC] Method: GET, URI: /api/products, Params: api/products
[23-May-2026 06:43:05 UTC] Method: GET, URI: /api/reports/low-stock, Params: api/reports/low-stock
[23-May-2026 06:43:05 UTC] Method: GET, URI: /api/admin/suppliers, Params: api/admin/suppliers
[23-May-2026 06:43:08 UTC] Method: GET, URI: /api/reports/low-stock, Params: api/reports/low-stock
[23-May-2026 06:43:08 UTC] Method: GET, URI: /api/admin/suppliers, Params: api/admin/suppliers
[23-May-2026 06:43:08 UTC] Method: GET, URI: /api/products, Params: api/products
[23-May-2026 06:43:12 UTC] Method: GET, URI: /api/products, Params: api/products
[23-May-2026 06:43:12 UTC] Method: GET, URI: /api/admin/suppliers, Params: api/admin/suppliers
[23-May-2026 06:43:12 UTC] Method: GET, URI: /api/reports/low-stock, Params: api/reports/low-stock
[23-May-2026 06:43:15 UTC] Method: GET, URI: /api/reports/low-stock, Params: api/reports/low-stock
[23-May-2026 06:43:15 UTC] Method: GET, URI: /api/admin/suppliers, Params: api/admin/suppliers
[23-May-2026 06:43:15 UTC] Method: GET, URI: /api/products, Params: api/products
[23-May-2026 06:43:17 UTC] Method: GET, URI: /api/products, Params: api/products
[23-May-2026 06:43:17 UTC] Method: GET, URI: /api/admin/suppliers, Params: api/admin/suppliers
[23-May-2026 06:43:17 UTC] Method: GET, URI: /api/reports/low-stock, Params: api/reports/low-stock
[23-May-2026 06:43:20 UTC] Method: GET, URI: /api/products, Params: api/products
[23-May-2026 06:43:21 UTC] Method: GET, URI: /api/products, Params: api/products
[23-May-2026 06:43:21 UTC] Method: GET, URI: /api/reports/low-stock, Params: api/reports/low-stock
[23-May-2026 06:43:21 UTC] Method: GET, URI: /api/admin/suppliers, Params: api/admin/suppliers
[23-May-2026 06:43:22 UTC] Method: GET, URI: /api/reports/stock-levels, Params: api/reports/stock-levels
[23-May-2026 06:43:22 UTC] Method: GET, URI: /api/products, Params: api/products
[23-May-2026 06:43:23 UTC] Method: GET, URI: /api/products, Params: api/products
[23-May-2026 06:43:28 UTC] Method: GET, URI: /api/products, Params: api/products
[23-May-2026 06:43:31 UTC] Method: GET, URI: /api/products, Params: api/products
[23-May-2026 06:43:32 UTC] Method: GET, URI: /api/products, Params: api/products
[23-May-2026 06:43:32 UTC] Method: GET, URI: /api/reports/low-stock, Params: api/reports/low-stock
[23-May-2026 06:43:32 UTC] Method: GET, URI: /api/admin/suppliers, Params: api/admin/suppliers
[23-May-2026 06:43:36 UTC] Method: GET, URI: /api/reports/low-stock, Params: api/reports/low-stock
[23-May-2026 06:43:36 UTC] Method: GET, URI: /api/products, Params: api/products
[23-May-2026 06:43:36 UTC] Method: GET, URI: /api/admin/suppliers, Params: api/admin/suppliers
[23-May-2026 06:43:39 UTC] Method: GET, URI: /api/products, Params: api/products
[23-May-2026 06:43:39 UTC] Method: GET, URI: /api/admin/suppliers, Params: api/admin/suppliers
[23-May-2026 06:43:39 UTC] Method: GET, URI: /api/reports/low-stock, Params: api/reports/low-stock
[23-May-2026 06:43:42 UTC] Method: GET, URI: /api/products, Params: api/products
[23-May-2026 06:43:42 UTC] Method: GET, URI: /api/admin/suppliers, Params: api/admin/suppliers
[23-May-2026 06:43:42 UTC] Method: GET, URI: /api/reports/low-stock, Params: api/reports/low-stock
[23-May-2026 06:43:45 UTC] Method: GET, URI: /api/products, Params: api/products
[23-May-2026 06:43:45 UTC] Method: GET, URI: /api/admin/suppliers, Params: api/admin/suppliers
[23-May-2026 06:43:45 UTC] Method: GET, URI: /api/reports/low-stock, Params: api/reports/low-stock
[23-May-2026 06:43:47 UTC] Method: GET, URI: /api/reports/low-stock, Params: api/reports/low-stock
[23-May-2026 06:43:47 UTC] Method: GET, URI: /api/admin/suppliers, Params: api/admin/suppliers
[23-May-2026 06:43:47 UTC] Method: GET, URI: /api/products, Params: api/products
[23-May-2026 06:43:51 UTC] Method: GET, URI: /api/products, Params: api/products
[23-May-2026 06:43:51 UTC] Method: GET, URI: /api/admin/suppliers, Params: api/admin/suppliers
[23-May-2026 06:43:51 UTC] Method: GET, URI: /api/reports/low-stock, Params: api/reports/low-stock
[23-May-2026 06:43:54 UTC] Method: GET, URI: /api/reports/low-stock, Params: api/reports/low-stock
[23-May-2026 06:43:54 UTC] Method: GET, URI: /api/admin/suppliers, Params: api/admin/suppliers
[23-May-2026 06:43:54 UTC] Method: GET, URI: /api/products, Params: api/products
[23-May-2026 06:43:57 UTC] Method: GET, URI: /api/products, Params: api/products
[23-May-2026 06:43:57 UTC] Method: GET, URI: /api/reports/low-stock, Params: api/reports/low-stock
[23-May-2026 06:43:57 UTC] Method: GET, URI: /api/admin/suppliers, Params: api/admin/suppliers
[23-May-2026 06:44:00 UTC] Method: GET, URI: /api/reports/low-stock, Params: api/reports/low-stock
[23-May-2026 06:44:00 UTC] Method: GET, URI: /api/admin/suppliers, Params: api/admin/suppliers
[23-May-2026 06:44:00 UTC] Method: GET, URI: /api/products, Params: api/products
[23-May-2026 06:44:02 UTC] Method: GET, URI: /api/products, Params: api/products
[23-May-2026 06:44:02 UTC] Method: GET, URI: /api/reports/low-stock, Params: api/reports/low-stock
[23-May-2026 06:44:02 UTC] Method: GET, URI: /api/admin/suppliers, Params: api/admin/suppliers
[23-May-2026 06:44:06 UTC] Method: GET, URI: /api/reports/low-stock, Params: api/reports/low-stock
[23-May-2026 06:44:06 UTC] Method: GET, URI: /api/admin/suppliers, Params: api/admin/suppliers
[23-May-2026 06:44:06 UTC] Method: GET, URI: /api/products, Params: api/products
[23-May-2026 06:44:09 UTC] Method: GET, URI: /api/products, Params: api/products
[23-May-2026 06:44:09 UTC] Method: GET, URI: /api/admin/suppliers, Params: api/admin/suppliers
[23-May-2026 06:44:09 UTC] Method: GET, URI: /api/reports/low-stock, Params: api/reports/low-stock
[23-May-2026 06:44:12 UTC] Method: GET, URI: /api/admin/suppliers, Params: api/admin/suppliers
[23-May-2026 06:44:12 UTC] Method: GET, URI: /api/products, Params: api/products
[23-May-2026 06:44:12 UTC] Method: GET, URI: /api/reports/low-stock, Params: api/reports/low-stock
[23-May-2026 06:44:15 UTC] Method: GET, URI: /api/products, Params: api/products
[23-May-2026 06:44:15 UTC] Method: GET, URI: /api/reports/low-stock, Params: api/reports/low-stock
[23-May-2026 06:44:15 UTC] Method: GET, URI: /api/admin/suppliers, Params: api/admin/suppliers
[23-May-2026 06:44:18 UTC] Method: GET, URI: /api/reports/low-stock, Params: api/reports/low-stock
[23-May-2026 06:44:18 UTC] Method: GET, URI: /api/admin/suppliers, Params: api/admin/suppliers
[23-May-2026 06:44:18 UTC] Method: GET, URI: /api/products, Params: api/products
[23-May-2026 06:44:21 UTC] Method: GET, URI: /api/products, Params: api/products
[23-May-2026 06:44:21 UTC] Method: GET, URI: /api/reports/low-stock, Params: api/reports/low-stock
[23-May-2026 06:44:21 UTC] Method: GET, URI: /api/admin/suppliers, Params: api/admin/suppliers
[23-May-2026 06:44:23 UTC] Method: GET, URI: /api/admin/suppliers, Params: api/admin/suppliers
[23-May-2026 06:44:23 UTC] Method: GET, URI: /api/reports/low-stock, Params: api/reports/low-stock
[23-May-2026 06:44:23 UTC] Method: GET, URI: /api/products, Params: api/products
[23-May-2026 06:44:27 UTC] Method: GET, URI: /api/products, Params: api/products
[23-May-2026 06:44:27 UTC] Method: GET, URI: /api/admin/suppliers, Params: api/admin/suppliers
[23-May-2026 06:44:27 UTC] Method: GET, URI: /api/reports/low-stock, Params: api/reports/low-stock
[23-May-2026 06:44:30 UTC] Method: GET, URI: /api/admin/suppliers, Params: api/admin/suppliers
[23-May-2026 06:44:30 UTC] Method: GET, URI: /api/reports/low-stock, Params: api/reports/low-stock
[23-May-2026 06:44:30 UTC] Method: GET, URI: /api/products, Params: api/products
[23-May-2026 06:44:33 UTC] Method: GET, URI: /api/products, Params: api/products
[23-May-2026 06:44:33 UTC] Method: GET, URI: /api/admin/suppliers, Params: api/admin/suppliers
[23-May-2026 06:44:33 UTC] Method: GET, URI: /api/reports/low-stock, Params: api/reports/low-stock
[23-May-2026 06:44:36 UTC] Method: GET, URI: /api/products, Params: api/products
[23-May-2026 06:44:36 UTC] Method: GET, URI: /api/admin/suppliers, Params: api/admin/suppliers
[23-May-2026 06:44:36 UTC] Method: GET, URI: /api/reports/low-stock, Params: api/reports/low-stock
[23-May-2026 06:44:39 UTC] Method: GET, URI: /api/admin/suppliers, Params: api/admin/suppliers
[23-May-2026 06:44:39 UTC] Method: GET, URI: /api/products, Params: api/products
[23-May-2026 06:44:39 UTC] Method: GET, URI: /api/reports/low-stock, Params: api/reports/low-stock
[23-May-2026 06:44:42 UTC] Method: GET, URI: /api/admin/suppliers, Params: api/admin/suppliers
[23-May-2026 06:44:42 UTC] Method: GET, URI: /api/reports/low-stock, Params: api/reports/low-stock
[23-May-2026 06:44:42 UTC] Method: GET, URI: /api/products, Params: api/products
[23-May-2026 06:44:45 UTC] Method: GET, URI: /api/products, Params: api/products
[23-May-2026 06:44:45 UTC] Method: GET, URI: /api/admin/suppliers, Params: api/admin/suppliers
[23-May-2026 06:44:45 UTC] Method: GET, URI: /api/reports/low-stock, Params: api/reports/low-stock
[23-May-2026 06:44:48 UTC] Method: GET, URI: /api/admin/suppliers, Params: api/admin/suppliers
[23-May-2026 06:44:48 UTC] Method: GET, URI: /api/reports/low-stock, Params: api/reports/low-stock
[23-May-2026 06:44:48 UTC] Method: GET, URI: /api/products, Params: api/products
[23-May-2026 06:44:51 UTC] Method: GET, URI: /api/products, Params: api/products
[23-May-2026 06:44:51 UTC] Method: GET, URI: /api/reports/low-stock, Params: api/reports/low-stock
[23-May-2026 06:44:51 UTC] Method: GET, URI: /api/admin/suppliers, Params: api/admin/suppliers
[23-May-2026 06:44:54 UTC] Method: GET, URI: /api/products, Params: api/products
[23-May-2026 06:44:54 UTC] Method: GET, URI: /api/admin/suppliers, Params: api/admin/suppliers
[23-May-2026 06:44:54 UTC] Method: GET, URI: /api/reports/low-stock, Params: api/reports/low-stock
[23-May-2026 06:44:57 UTC] Method: GET, URI: /api/products, Params: api/products
[23-May-2026 06:44:57 UTC] Method: GET, URI: /api/reports/low-stock, Params: api/reports/low-stock
[23-May-2026 06:44:57 UTC] Method: GET, URI: /api/admin/suppliers, Params: api/admin/suppliers
[23-May-2026 06:45:00 UTC] Method: GET, URI: /api/admin/suppliers, Params: api/admin/suppliers
[23-May-2026 06:45:00 UTC] Method: GET, URI: /api/products, Params: api/products
[23-May-2026 06:45:00 UTC] Method: GET, URI: /api/reports/low-stock, Params: api/reports/low-stock
[23-May-2026 06:45:03 UTC] Method: GET, URI: /api/products, Params: api/products
[23-May-2026 06:45:03 UTC] Method: GET, URI: /api/reports/low-stock, Params: api/reports/low-stock
[23-May-2026 06:45:03 UTC] Method: GET, URI: /api/admin/suppliers, Params: api/admin/suppliers
[23-May-2026 06:45:06 UTC] Method: GET, URI: /api/reports/low-stock, Params: api/reports/low-stock
[23-May-2026 06:45:06 UTC] Method: GET, URI: /api/admin/suppliers, Params: api/admin/suppliers
[23-May-2026 06:45:06 UTC] Method: GET, URI: /api/products, Params: api/products
[23-May-2026 06:45:09 UTC] Method: GET, URI: /api/reports/low-stock, Params: api/reports/low-stock
[23-May-2026 06:45:09 UTC] Method: GET, URI: /api/admin/suppliers, Params: api/admin/suppliers
[23-May-2026 06:45:09 UTC] Method: GET, URI: /api/products, Params: api/products
[23-May-2026 06:45:12 UTC] Method: GET, URI: /api/admin/suppliers, Params: api/admin/suppliers
[23-May-2026 06:45:12 UTC] Method: GET, URI: /api/reports/low-stock, Params: api/reports/low-stock
[23-May-2026 06:45:12 UTC] Method: GET, URI: /api/products, Params: api/products
[23-May-2026 06:45:15 UTC] Method: GET, URI: /api/products, Params: api/products
[23-May-2026 06:45:15 UTC] Method: GET, URI: /api/reports/low-stock, Params: api/reports/low-stock
[23-May-2026 06:45:15 UTC] Method: GET, URI: /api/admin/suppliers, Params: api/admin/suppliers
[23-May-2026 06:45:18 UTC] Method: GET, URI: /api/admin/suppliers, Params: api/admin/suppliers
[23-May-2026 06:45:18 UTC] Method: GET, URI: /api/products, Params: api/products
[23-May-2026 06:45:18 UTC] Method: GET, URI: /api/reports/low-stock, Params: api/reports/low-stock
[23-May-2026 06:45:21 UTC] Method: GET, URI: /api/reports/low-stock, Params: api/reports/low-stock
[23-May-2026 06:45:21 UTC] Method: GET, URI: /api/admin/suppliers, Params: api/admin/suppliers
[23-May-2026 06:45:21 UTC] Method: GET, URI: /api/products, Params: api/products
[23-May-2026 06:45:24 UTC] Method: GET, URI: /api/admin/suppliers, Params: api/admin/suppliers
[23-May-2026 06:45:24 UTC] Method: GET, URI: /api/reports/low-stock, Params: api/reports/low-stock
[23-May-2026 06:45:24 UTC] Method: GET, URI: /api/products, Params: api/products
[23-May-2026 06:45:27 UTC] Method: GET, URI: /api/products, Params: api/products
[23-May-2026 06:45:27 UTC] Method: GET, URI: /api/admin/suppliers, Params: api/admin/suppliers
[23-May-2026 06:45:27 UTC] Method: GET, URI: /api/reports/low-stock, Params: api/reports/low-stock
[23-May-2026 06:45:30 UTC] Method: GET, URI: /api/reports/low-stock, Params: api/reports/low-stock
[23-May-2026 06:45:30 UTC] Method: GET, URI: /api/admin/suppliers, Params: api/admin/suppliers
[23-May-2026 06:45:30 UTC] Method: GET, URI: /api/products, Params: api/products
[23-May-2026 06:45:33 UTC] Method: GET, URI: /api/products, Params: api/products
[23-May-2026 06:45:33 UTC] Method: GET, URI: /api/admin/suppliers, Params: api/admin/suppliers
[23-May-2026 06:45:33 UTC] Method: GET, URI: /api/reports/low-stock, Params: api/reports/low-stock
[23-May-2026 06:45:35 UTC] Method: GET, URI: /api/reports/low-stock, Params: api/reports/low-stock
[23-May-2026 06:45:35 UTC] Method: GET, URI: /api/products, Params: api/products
[23-May-2026 06:45:39 UTC] Method: GET, URI: /api/reports/low-stock, Params: api/reports/low-stock
[23-May-2026 06:45:39 UTC] Method: GET, URI: /api/products, Params: api/products
[23-May-2026 06:45:42 UTC] Method: GET, URI: /api/reports/low-stock, Params: api/reports/low-stock
[23-May-2026 06:45:42 UTC] Method: GET, URI: /api/products, Params: api/products
[23-May-2026 06:45:45 UTC] Method: GET, URI: /api/products, Params: api/products
[23-May-2026 06:45:45 UTC] Method: GET, URI: /api/reports/low-stock, Params: api/reports/low-stock
[23-May-2026 06:45:47 UTC] Method: GET, URI: /api/reports/low-stock, Params: api/reports/low-stock
[23-May-2026 06:45:47 UTC] Method: GET, URI: /api/products, Params: api/products
[23-May-2026 06:45:51 UTC] Method: GET, URI: /api/products, Params: api/products
[23-May-2026 06:45:51 UTC] Method: GET, URI: /api/reports/low-stock, Params: api/reports/low-stock
[23-May-2026 06:45:54 UTC] Method: GET, URI: /api/reports/low-stock, Params: api/reports/low-stock
[23-May-2026 06:45:54 UTC] Method: GET, URI: /api/products, Params: api/products
[23-May-2026 06:45:57 UTC] Method: GET, URI: /api/products, Params: api/products
[23-May-2026 06:45:57 UTC] Method: GET, URI: /api/reports/low-stock, Params: api/reports/low-stock
[23-May-2026 06:46:00 UTC] Method: GET, URI: /api/reports/low-stock, Params: api/reports/low-stock
[23-May-2026 06:46:00 UTC] Method: GET, URI: /api/products, Params: api/products
[23-May-2026 06:46:01 UTC] Method: GET, URI: /api/reports/low-stock, Params: api/reports/low-stock
[23-May-2026 06:46:01 UTC] Method: GET, URI: /api/products, Params: api/products
[23-May-2026 06:46:05 UTC] Method: GET, URI: /api/products, Params: api/products
[23-May-2026 06:46:05 UTC] Method: GET, URI: /api/reports/low-stock, Params: api/reports/low-stock
[23-May-2026 06:46:08 UTC] Method: GET, URI: /api/products, Params: api/products
[23-May-2026 06:46:08 UTC] Method: GET, URI: /api/reports/low-stock, Params: api/reports/low-stock
[23-May-2026 06:46:11 UTC] Method: GET, URI: /api/products, Params: api/products
[23-May-2026 06:46:11 UTC] Method: GET, URI: /api/reports/low-stock, Params: api/reports/low-stock
[23-May-2026 06:46:14 UTC] Method: GET, URI: /api/products, Params: api/products
[23-May-2026 06:46:14 UTC] Method: GET, URI: /api/reports/low-stock, Params: api/reports/low-stock
[23-May-2026 06:46:15 UTC] Method: GET, URI: /api/reports/low-stock, Params: api/reports/low-stock
[23-May-2026 06:46:15 UTC] Method: GET, URI: /api/products, Params: api/products
[23-May-2026 06:46:19 UTC] Method: GET, URI: /api/products, Params: api/products
[23-May-2026 06:46:19 UTC] Method: GET, URI: /api/reports/low-stock, Params: api/reports/low-stock
[23-May-2026 06:46:22 UTC] Method: GET, URI: /api/reports/low-stock, Params: api/reports/low-stock
[23-May-2026 06:46:22 UTC] Method: GET, URI: /api/products, Params: api/products
[23-May-2026 06:46:25 UTC] Method: GET, URI: /api/reports/low-stock, Params: api/reports/low-stock
[23-May-2026 06:46:25 UTC] Method: GET, URI: /api/products, Params: api/products
[23-May-2026 06:46:28 UTC] Method: GET, URI: /api/reports/low-stock, Params: api/reports/low-stock
[23-May-2026 06:46:28 UTC] Method: GET, URI: /api/products, Params: api/products
[23-May-2026 06:46:31 UTC] Method: GET, URI: /api/reports/low-stock, Params: api/reports/low-stock
[23-May-2026 06:46:31 UTC] Method: GET, URI: /api/products, Params: api/products
[23-May-2026 06:46:34 UTC] Method: GET, URI: /api/reports/low-stock, Params: api/reports/low-stock
[23-May-2026 06:46:34 UTC] Method: GET, URI: /api/products, Params: api/products
[23-May-2026 06:47:17 UTC] Method: GET, URI: /api/products, Params: api/products
[23-May-2026 06:47:17 UTC] Method: GET, URI: /api/reports/low-stock, Params: api/reports/low-stock
[23-May-2026 06:47:21 UTC] Method: GET, URI: /api/products, Params: api/products
[23-May-2026 06:47:21 UTC] Method: GET, URI: /api/reports/low-stock, Params: api/reports/low-stock
[23-May-2026 06:47:24 UTC] Method: GET, URI: /api/products, Params: api/products
[23-May-2026 06:47:24 UTC] Method: GET, URI: /api/reports/low-stock, Params: api/reports/low-stock
[23-May-2026 06:47:27 UTC] Method: GET, URI: /api/reports/low-stock, Params: api/reports/low-stock
[23-May-2026 06:47:27 UTC] Method: GET, URI: /api/products, Params: api/products
[23-May-2026 06:47:30 UTC] Method: GET, URI: /api/products, Params: api/products
[23-May-2026 06:47:30 UTC] Method: GET, URI: /api/reports/low-stock, Params: api/reports/low-stock
[23-May-2026 06:47:33 UTC] Method: GET, URI: /api/reports/low-stock, Params: api/reports/low-stock
[23-May-2026 06:47:33 UTC] Method: GET, URI: /api/products, Params: api/products
[23-May-2026 06:47:36 UTC] Method: GET, URI: /api/products, Params: api/products
[23-May-2026 06:47:36 UTC] Method: GET, URI: /api/reports/low-stock, Params: api/reports/low-stock
[23-May-2026 06:47:38 UTC] Method: GET, URI: /api/products, Params: api/products
[23-May-2026 06:47:38 UTC] Method: GET, URI: /api/reports/low-stock, Params: api/reports/low-stock
[23-May-2026 06:47:41 UTC] Method: GET, URI: /api/reports/low-stock, Params: api/reports/low-stock
[23-May-2026 06:47:41 UTC] Method: GET, URI: /api/products, Params: api/products
[23-May-2026 06:47:41 UTC] Method: GET, URI: /api/products, Params: api/products
[23-May-2026 06:47:41 UTC] Method: GET, URI: /api/reports/low-stock, Params: api/reports/low-stock
[23-May-2026 06:47:43 UTC] Method: GET, URI: /api/products, Params: api/products
[23-May-2026 06:47:43 UTC] Method: GET, URI: /api/reports/low-stock, Params: api/reports/low-stock
[23-May-2026 06:47:46 UTC] Method: GET, URI: /api/reports/low-stock, Params: api/reports/low-stock
[23-May-2026 06:47:46 UTC] Method: GET, URI: /api/products, Params: api/products
[23-May-2026 06:47:50 UTC] Method: GET, URI: /api/reports/low-stock, Params: api/reports/low-stock
[23-May-2026 06:47:50 UTC] Method: GET, URI: /api/products, Params: api/products
[23-May-2026 06:47:56 UTC] Method: GET, URI: /api/products, Params: api/products
[23-May-2026 06:47:56 UTC] Method: GET, URI: /api/reports/low-stock, Params: api/reports/low-stock
[23-May-2026 06:47:59 UTC] Method: GET, URI: /api/reports/low-stock, Params: api/reports/low-stock
[23-May-2026 06:47:59 UTC] Method: GET, URI: /api/products, Params: api/products
[23-May-2026 06:48:05 UTC] Method: POST, URI: /api/auth/login, Params: api/auth/login
[23-May-2026 06:48:06 UTC] Method: GET, URI: /api/products, Params: api/products
[23-May-2026 06:48:06 UTC] Method: GET, URI: /api/reports/low-stock, Params: api/reports/low-stock
[23-May-2026 06:48:06 UTC] Method: GET, URI: /api/admin/suppliers, Params: api/admin/suppliers
[23-May-2026 06:48:08 UTC] Method: GET, URI: /api/admin/suppliers, Params: api/admin/suppliers
[23-May-2026 06:48:10 UTC] Method: GET, URI: /api/products, Params: api/products
[23-May-2026 06:48:10 UTC] Method: GET, URI: /api/reports/stock-levels, Params: api/reports/stock-levels
[23-May-2026 06:48:15 UTC] Method: GET, URI: /api/reports/stock-levels, Params: api/reports/stock-levels
[23-May-2026 06:48:15 UTC] Method: GET, URI: /api/admin/suppliers, Params: api/admin/suppliers
[23-May-2026 06:48:16 UTC] Method: GET, URI: /api/products, Params: api/products
[23-May-2026 06:48:18 UTC] Method: GET, URI: /api/admin/suppliers, Params: api/admin/suppliers
[23-May-2026 06:48:20 UTC] Method: GET, URI: /api/products, Params: api/products
[23-May-2026 06:48:20 UTC] Method: GET, URI: /api/admin/suppliers, Params: api/admin/suppliers
[23-May-2026 06:48:23 UTC] Method: GET, URI: /api/products, Params: api/products
[23-May-2026 06:48:23 UTC] Method: GET, URI: /api/admin/suppliers, Params: api/admin/suppliers
[23-May-2026 06:48:23 UTC] Method: GET, URI: /api/reports/low-stock, Params: api/reports/low-stock
[23-May-2026 06:48:27 UTC] Method: GET, URI: /api/products, Params: api/products
[23-May-2026 06:48:27 UTC] Method: GET, URI: /api/admin/suppliers, Params: api/admin/suppliers
[23-May-2026 06:48:29 UTC] Method: GET, URI: /api/admin/suppliers, Params: api/admin/suppliers
[23-May-2026 06:48:32 UTC] Method: GET, URI: /api/reports/stock-levels, Params: api/reports/stock-levels
[23-May-2026 06:48:32 UTC] Method: GET, URI: /api/products, Params: api/products
[23-May-2026 06:48:37 UTC] Method: GET, URI: /api/reports/stock-levels, Params: api/reports/stock-levels
[23-May-2026 06:48:42 UTC] Method: GET, URI: /api/reports/stock-levels, Params: api/reports/stock-levels
[23-May-2026 06:48:47 UTC] Method: GET, URI: /api/reports/stock-levels, Params: api/reports/stock-levels
[23-May-2026 06:48:52 UTC] Method: GET, URI: /api/reports/stock-levels, Params: api/reports/stock-levels
[23-May-2026 06:48:53 UTC] Method: POST, URI: /api/stock/update, Params: api/stock/update
[23-May-2026 06:48:53 UTC] Method: GET, URI: /api/reports/stock-levels, Params: api/reports/stock-levels
[23-May-2026 06:48:57 UTC] Method: GET, URI: /api/reports/stock-levels, Params: api/reports/stock-levels
[23-May-2026 06:49:02 UTC] Method: GET, URI: /api/reports/stock-levels, Params: api/reports/stock-levels
[23-May-2026 06:49:02 UTC] Method: GET, URI: /api/products, Params: api/products
[23-May-2026 06:49:02 UTC] Method: GET, URI: /api/admin/suppliers, Params: api/admin/suppliers
[23-May-2026 06:49:03 UTC] Method: GET, URI: /api/admin/suppliers, Params: api/admin/suppliers
[23-May-2026 06:49:03 UTC] Method: GET, URI: /api/products, Params: api/products
[23-May-2026 06:49:03 UTC] Method: GET, URI: /api/reports/low-stock, Params: api/reports/low-stock
[23-May-2026 06:49:06 UTC] Method: GET, URI: /api/products, Params: api/products
[23-May-2026 06:49:06 UTC] Method: GET, URI: /api/admin/suppliers, Params: api/admin/suppliers
[23-May-2026 06:49:06 UTC] Method: GET, URI: /api/reports/low-stock, Params: api/reports/low-stock
[23-May-2026 06:49:14 UTC] Method: POST, URI: /api/auth/login, Params: api/auth/login
[23-May-2026 06:49:14 UTC] Method: GET, URI: /api/reports/low-stock, Params: api/reports/low-stock
[23-May-2026 06:49:14 UTC] Method: GET, URI: /api/products, Params: api/products
[23-May-2026 06:49:17 UTC] Method: GET, URI: /api/products, Params: api/products
[23-May-2026 06:49:17 UTC] Method: GET, URI: /api/reports/low-stock, Params: api/reports/low-stock
[23-May-2026 06:49:20 UTC] Method: GET, URI: /api/products, Params: api/products
[23-May-2026 06:49:20 UTC] Method: GET, URI: /api/reports/low-stock, Params: api/reports/low-stock
[23-May-2026 06:49:23 UTC] Method: GET, URI: /api/reports/low-stock, Params: api/reports/low-stock
[23-May-2026 06:49:23 UTC] Method: GET, URI: /api/products, Params: api/products
[23-May-2026 06:49:27 UTC] Method: POST, URI: /api/auth/login, Params: api/auth/login
[23-May-2026 06:49:28 UTC] Method: GET, URI: /api/reports/low-stock, Params: api/reports/low-stock
[23-May-2026 06:49:28 UTC] Method: GET, URI: /api/products, Params: api/products
[23-May-2026 06:49:28 UTC] Method: GET, URI: /api/admin/suppliers, Params: api/admin/suppliers
[23-May-2026 06:49:30 UTC] Method: GET, URI: /api/admin/suppliers, Params: api/admin/suppliers
[23-May-2026 06:49:30 UTC] Method: GET, URI: /api/products, Params: api/products
[23-May-2026 06:49:33 UTC] Method: GET, URI: /api/products, Params: api/products
[23-May-2026 06:49:33 UTC] Method: GET, URI: /api/admin/suppliers, Params: api/admin/suppliers
[23-May-2026 06:49:33 UTC] Method: GET, URI: /api/reports/low-stock, Params: api/reports/low-stock
[23-May-2026 06:49:36 UTC] Method: GET, URI: /api/admin/suppliers, Params: api/admin/suppliers
[23-May-2026 06:49:36 UTC] Method: GET, URI: /api/reports/low-stock, Params: api/reports/low-stock
[23-May-2026 06:49:36 UTC] Method: GET, URI: /api/products, Params: api/products
[23-May-2026 06:49:39 UTC] Method: GET, URI: /api/admin/suppliers, Params: api/admin/suppliers
[23-May-2026 06:49:39 UTC] Method: GET, URI: /api/products, Params: api/products
[23-May-2026 06:49:39 UTC] Method: GET, URI: /api/reports/low-stock, Params: api/reports/low-stock
[23-May-2026 06:49:42 UTC] Method: GET, URI: /api/products, Params: api/products
[23-May-2026 06:49:42 UTC] Method: GET, URI: /api/reports/low-stock, Params: api/reports/low-stock
[23-May-2026 06:49:42 UTC] Method: GET, URI: /api/admin/suppliers, Params: api/admin/suppliers
[23-May-2026 06:49:45 UTC] Method: GET, URI: /api/admin/suppliers, Params: api/admin/suppliers
[23-May-2026 06:49:45 UTC] Method: GET, URI: /api/reports/low-stock, Params: api/reports/low-stock
[23-May-2026 06:49:45 UTC] Method: GET, URI: /api/products, Params: api/products
[23-May-2026 06:49:48 UTC] Method: GET, URI: /api/reports/low-stock, Params: api/reports/low-stock
[23-May-2026 06:49:48 UTC] Method: GET, URI: /api/admin/suppliers, Params: api/admin/suppliers
[23-May-2026 06:49:48 UTC] Method: GET, URI: /api/products, Params: api/products
[23-May-2026 06:49:50 UTC] Method: GET, URI: /api/reports/stock-levels, Params: api/reports/stock-levels
[23-May-2026 06:49:50 UTC] Method: GET, URI: /api/products, Params: api/products
[23-May-2026 06:49:55 UTC] Method: GET, URI: /api/reports/stock-levels, Params: api/reports/stock-levels
[23-May-2026 06:50:00 UTC] Method: GET, URI: /api/reports/stock-levels, Params: api/reports/stock-levels
[23-May-2026 06:50:00 UTC] Method: GET, URI: /api/admin/suppliers, Params: api/admin/suppliers
[23-May-2026 06:50:00 UTC] Method: GET, URI: /api/products, Params: api/products
[23-May-2026 06:50:04 UTC] Method: GET, URI: /api/products, Params: api/products
[23-May-2026 06:50:08 UTC] Method: GET, URI: /api/products, Params: api/products
[23-May-2026 06:50:12 UTC] Method: GET, URI: /api/products, Params: api/products
[23-May-2026 06:50:16 UTC] Method: GET, URI: /api/products, Params: api/products
[23-May-2026 06:50:18 UTC] Method: GET, URI: /api/admin/suppliers, Params: api/admin/suppliers
[23-May-2026 06:50:24 UTC] Method: GET, URI: /api/admin/suppliers, Params: api/admin/suppliers
[23-May-2026 06:50:30 UTC] Method: GET, URI: /api/admin/suppliers, Params: api/admin/suppliers
[23-May-2026 06:50:36 UTC] Method: GET, URI: /api/admin/suppliers, Params: api/admin/suppliers
[23-May-2026 06:50:42 UTC] Method: GET, URI: /api/admin/suppliers, Params: api/admin/suppliers
[23-May-2026 06:50:48 UTC] Method: GET, URI: /api/admin/suppliers, Params: api/admin/suppliers
[23-May-2026 06:50:54 UTC] Method: GET, URI: /api/admin/suppliers, Params: api/admin/suppliers
[23-May-2026 06:51:00 UTC] Method: GET, URI: /api/admin/suppliers, Params: api/admin/suppliers
[23-May-2026 06:51:02 UTC] Method: POST, URI: /api/suppliers, Params: api/suppliers
[23-May-2026 06:51:02 UTC] Method: GET, URI: /api/admin/suppliers, Params: api/admin/suppliers
[23-May-2026 06:51:04 UTC] Method: GET, URI: /api/products, Params: api/products
[23-May-2026 06:51:04 UTC] Method: GET, URI: /api/reports/low-stock, Params: api/reports/low-stock
[23-May-2026 06:51:04 UTC] Method: GET, URI: /api/admin/suppliers, Params: api/admin/suppliers
[23-May-2026 06:51:07 UTC] Method: GET, URI: /api/products, Params: api/products
[23-May-2026 06:51:07 UTC] Method: GET, URI: /api/reports/low-stock, Params: api/reports/low-stock
[23-May-2026 06:51:07 UTC] Method: GET, URI: /api/admin/suppliers, Params: api/admin/suppliers
[23-May-2026 06:51:08 UTC] Method: GET, URI: /api/admin/suppliers, Params: api/admin/suppliers
[23-May-2026 06:51:08 UTC] Method: GET, URI: /api/products, Params: api/products
[23-May-2026 06:51:12 UTC] Method: GET, URI: /api/products, Params: api/products
[23-May-2026 06:51:16 UTC] Method: GET, URI: /api/products, Params: api/products
[23-May-2026 06:51:20 UTC] Method: GET, URI: /api/products, Params: api/products
[23-May-2026 06:51:24 UTC] Method: GET, URI: /api/products, Params: api/products
[23-May-2026 06:51:28 UTC] Method: GET, URI: /api/products, Params: api/products
[23-May-2026 06:51:32 UTC] Method: GET, URI: /api/products, Params: api/products
[23-May-2026 06:51:32 UTC] Method: GET, URI: /api/products, Params: api/products
[23-May-2026 06:51:32 UTC] Method: GET, URI: /api/reports/stock-levels, Params: api/reports/stock-levels
[23-May-2026 06:51:37 UTC] Method: GET, URI: /api/products, Params: api/products
[23-May-2026 06:51:37 UTC] Method: GET, URI: /api/admin/suppliers, Params: api/admin/suppliers
[23-May-2026 06:51:41 UTC] Method: GET, URI: /api/products, Params: api/products
[23-May-2026 06:51:45 UTC] Method: GET, URI: /api/products, Params: api/products
[23-May-2026 06:51:49 UTC] Method: GET, URI: /api/products, Params: api/products
[23-May-2026 06:51:55 UTC] Method: GET, URI: /api/products, Params: api/products
[23-May-2026 06:51:57 UTC] Method: GET, URI: /api/products, Params: api/products
[23-May-2026 06:52:01 UTC] Method: GET, URI: /api/products, Params: api/products
[23-May-2026 06:52:05 UTC] Method: GET, URI: /api/products, Params: api/products
[23-May-2026 06:52:09 UTC] Method: GET, URI: /api/products, Params: api/products
[23-May-2026 06:52:13 UTC] Method: GET, URI: /api/products, Params: api/products
[23-May-2026 06:52:17 UTC] Method: GET, URI: /api/products, Params: api/products
[23-May-2026 06:52:21 UTC] Method: GET, URI: /api/products, Params: api/products
[23-May-2026 06:52:25 UTC] Method: GET, URI: /api/products, Params: api/products
[23-May-2026 06:52:31 UTC] Method: GET, URI: /api/products, Params: api/products
[23-May-2026 06:52:33 UTC] Method: GET, URI: /api/products, Params: api/products
[23-May-2026 06:52:37 UTC] Method: GET, URI: /api/products, Params: api/products
[23-May-2026 06:52:38 UTC] Method: POST, URI: /api/products, Params: api/products
[23-May-2026 06:52:38 UTC] Method: GET, URI: /api/products, Params: api/products
[23-May-2026 06:52:41 UTC] Method: GET, URI: /api/products, Params: api/products
[23-May-2026 06:52:42 UTC] Method: GET, URI: /api/products, Params: api/products
[23-May-2026 06:52:42 UTC] Method: GET, URI: /api/reports/stock-levels, Params: api/reports/stock-levels
[23-May-2026 06:52:47 UTC] Method: GET, URI: /api/reports/stock-levels, Params: api/reports/stock-levels
[23-May-2026 06:52:52 UTC] Method: GET, URI: /api/reports/stock-levels, Params: api/reports/stock-levels
[23-May-2026 06:52:57 UTC] Method: GET, URI: /api/reports/stock-levels, Params: api/reports/stock-levels
[23-May-2026 06:52:59 UTC] Method: POST, URI: /api/stock/update, Params: api/stock/update
[23-May-2026 06:52:59 UTC] Method: GET, URI: /api/reports/stock-levels, Params: api/reports/stock-levels
[23-May-2026 06:53:02 UTC] Method: GET, URI: /api/reports/stock-levels, Params: api/reports/stock-levels
[23-May-2026 06:53:07 UTC] Method: GET, URI: /api/reports/stock-levels, Params: api/reports/stock-levels
[23-May-2026 06:53:10 UTC] Method: GET, URI: /api/reports/stock-levels, Params: api/reports/stock-levels
[23-May-2026 06:53:10 UTC] Method: GET, URI: /api/reports/low-stock, Params: api/reports/low-stock
[23-May-2026 06:53:15 UTC] Method: GET, URI: /api/reports/low-stock, Params: api/reports/low-stock
[23-May-2026 06:53:15 UTC] Method: GET, URI: /api/reports/stock-levels, Params: api/reports/stock-levels
[23-May-2026 06:53:20 UTC] Method: GET, URI: /api/reports/low-stock, Params: api/reports/low-stock
[23-May-2026 06:53:20 UTC] Method: GET, URI: /api/reports/stock-levels, Params: api/reports/stock-levels
[23-May-2026 06:53:25 UTC] Method: GET, URI: /api/reports/stock-levels, Params: api/reports/stock-levels
[23-May-2026 06:53:25 UTC] Method: GET, URI: /api/reports/low-stock, Params: api/reports/low-stock
[23-May-2026 06:53:26 UTC] Method: GET, URI: /api/admin/suppliers, Params: api/admin/suppliers
[23-May-2026 06:53:26 UTC] Method: GET, URI: /api/products, Params: api/products
[23-May-2026 06:53:26 UTC] Method: GET, URI: /api/reports/low-stock, Params: api/reports/low-stock
[23-May-2026 06:53:30 UTC] Method: GET, URI: /api/reports/low-stock, Params: api/reports/low-stock
[23-May-2026 06:53:30 UTC] Method: GET, URI: /api/admin/suppliers, Params: api/admin/suppliers
[23-May-2026 06:53:30 UTC] Method: GET, URI: /api/products, Params: api/products
[23-May-2026 06:53:35 UTC] Method: POST, URI: /api/auth/login, Params: api/auth/login
[23-May-2026 06:53:36 UTC] Method: GET, URI: /api/products, Params: api/products
[23-May-2026 06:53:36 UTC] Method: GET, URI: /api/reports/low-stock, Params: api/reports/low-stock
[23-May-2026 06:53:39 UTC] Method: GET, URI: /api/reports/low-stock, Params: api/reports/low-stock
[23-May-2026 06:53:39 UTC] Method: GET, URI: /api/products, Params: api/products
[23-May-2026 06:53:42 UTC] Method: GET, URI: /api/products, Params: api/products
[23-May-2026 06:53:42 UTC] Method: GET, URI: /api/reports/low-stock, Params: api/reports/low-stock
[23-May-2026 06:53:45 UTC] Method: GET, URI: /api/reports/low-stock, Params: api/reports/low-stock
[23-May-2026 06:53:45 UTC] Method: GET, URI: /api/products, Params: api/products
[23-May-2026 06:53:48 UTC] Method: GET, URI: /api/products, Params: api/products
[23-May-2026 06:53:48 UTC] Method: GET, URI: /api/reports/low-stock, Params: api/reports/low-stock
[23-May-2026 06:53:51 UTC] Method: GET, URI: /api/reports/low-stock, Params: api/reports/low-stock
[23-May-2026 06:53:51 UTC] Method: GET, URI: /api/products, Params: api/products
[23-May-2026 06:53:54 UTC] Method: GET, URI: /api/reports/low-stock, Params: api/reports/low-stock
[23-May-2026 06:53:54 UTC] Method: GET, URI: /api/products, Params: api/products
[23-May-2026 06:53:57 UTC] Method: GET, URI: /api/products, Params: api/products
[23-May-2026 06:53:57 UTC] Method: GET, URI: /api/reports/low-stock, Params: api/reports/low-stock
[23-May-2026 06:54:00 UTC] Method: GET, URI: /api/products, Params: api/products
[23-May-2026 06:54:00 UTC] Method: GET, URI: /api/reports/low-stock, Params: api/reports/low-stock
[23-May-2026 06:54:03 UTC] Method: GET, URI: /api/reports/low-stock, Params: api/reports/low-stock
[23-May-2026 06:54:03 UTC] Method: GET, URI: /api/products, Params: api/products
[23-May-2026 06:54:06 UTC] Method: GET, URI: /api/reports/low-stock, Params: api/reports/low-stock
[23-May-2026 06:54:06 UTC] Method: GET, URI: /api/products, Params: api/products
[23-May-2026 06:54:09 UTC] Method: GET, URI: /api/reports/low-stock, Params: api/reports/low-stock
[23-May-2026 06:54:09 UTC] Method: GET, URI: /api/products, Params: api/products
[23-May-2026 06:54:12 UTC] Method: GET, URI: /api/reports/low-stock, Params: api/reports/low-stock
[23-May-2026 06:54:12 UTC] Method: GET, URI: /api/products, Params: api/products
[23-May-2026 06:54:15 UTC] Method: GET, URI: /api/products, Params: api/products
[23-May-2026 06:54:15 UTC] Method: GET, URI: /api/reports/low-stock, Params: api/reports/low-stock
[23-May-2026 06:54:18 UTC] Method: GET, URI: /api/products, Params: api/products
[23-May-2026 06:54:18 UTC] Method: GET, URI: /api/reports/low-stock, Params: api/reports/low-stock
[23-May-2026 06:54:21 UTC] Method: GET, URI: /api/reports/low-stock, Params: api/reports/low-stock
[23-May-2026 06:54:21 UTC] Method: GET, URI: /api/products, Params: api/products
[23-May-2026 06:54:24 UTC] Method: GET, URI: /api/reports/low-stock, Params: api/reports/low-stock
[23-May-2026 06:54:24 UTC] Method: GET, URI: /api/products, Params: api/products
[23-May-2026 06:54:27 UTC] Method: GET, URI: /api/reports/low-stock, Params: api/reports/low-stock
[23-May-2026 06:54:27 UTC] Method: GET, URI: /api/products, Params: api/products
[23-May-2026 06:54:30 UTC] Method: GET, URI: /api/products, Params: api/products
[23-May-2026 06:54:30 UTC] Method: GET, URI: /api/reports/low-stock, Params: api/reports/low-stock
[23-May-2026 06:54:33 UTC] Method: GET, URI: /api/products, Params: api/products
[23-May-2026 06:54:33 UTC] Method: GET, URI: /api/reports/low-stock, Params: api/reports/low-stock
[23-May-2026 06:54:36 UTC] Method: GET, URI: /api/products, Params: api/products
[23-May-2026 06:54:36 UTC] Method: GET, URI: /api/reports/low-stock, Params: api/reports/low-stock
[23-May-2026 06:54:39 UTC] Method: GET, URI: /api/products, Params: api/products
[23-May-2026 06:54:39 UTC] Method: GET, URI: /api/reports/low-stock, Params: api/reports/low-stock
[23-May-2026 06:54:42 UTC] Method: GET, URI: /api/products, Params: api/products
[23-May-2026 06:54:42 UTC] Method: GET, URI: /api/reports/low-stock, Params: api/reports/low-stock
[23-May-2026 06:54:45 UTC] Method: GET, URI: /api/products, Params: api/products
[23-May-2026 06:54:45 UTC] Method: GET, URI: /api/reports/low-stock, Params: api/reports/low-stock
[23-May-2026 06:54:48 UTC] Method: GET, URI: /api/products, Params: api/products
[23-May-2026 06:54:48 UTC] Method: GET, URI: /api/reports/low-stock, Params: api/reports/low-stock
[23-May-2026 06:54:51 UTC] Method: GET, URI: /api/products, Params: api/products
[23-May-2026 06:54:51 UTC] Method: GET, URI: /api/reports/low-stock, Params: api/reports/low-stock
[23-May-2026 06:54:54 UTC] Method: GET, URI: /api/reports/low-stock, Params: api/reports/low-stock
[23-May-2026 06:54:54 UTC] Method: GET, URI: /api/products, Params: api/products
[23-May-2026 06:54:57 UTC] Method: GET, URI: /api/products, Params: api/products
[23-May-2026 06:54:57 UTC] Method: GET, URI: /api/reports/low-stock, Params: api/reports/low-stock
[23-May-2026 06:55:00 UTC] Method: GET, URI: /api/products, Params: api/products
[23-May-2026 06:55:00 UTC] Method: GET, URI: /api/reports/low-stock, Params: api/reports/low-stock
[23-May-2026 06:55:03 UTC] Method: GET, URI: /api/reports/low-stock, Params: api/reports/low-stock
[23-May-2026 06:55:03 UTC] Method: GET, URI: /api/products, Params: api/products
[23-May-2026 06:55:06 UTC] Method: GET, URI: /api/products, Params: api/products
[23-May-2026 06:55:06 UTC] Method: GET, URI: /api/reports/low-stock, Params: api/reports/low-stock
[23-May-2026 06:55:09 UTC] Method: GET, URI: /api/reports/low-stock, Params: api/reports/low-stock
[23-May-2026 06:55:09 UTC] Method: GET, URI: /api/products, Params: api/products
[23-May-2026 06:55:12 UTC] Method: GET, URI: /api/products, Params: api/products
[23-May-2026 06:55:12 UTC] Method: GET, URI: /api/reports/low-stock, Params: api/reports/low-stock
[23-May-2026 06:55:15 UTC] Method: GET, URI: /api/reports/low-stock, Params: api/reports/low-stock
[23-May-2026 06:55:15 UTC] Method: GET, URI: /api/products, Params: api/products
[23-May-2026 06:55:18 UTC] Method: GET, URI: /api/products, Params: api/products
[23-May-2026 06:55:18 UTC] Method: GET, URI: /api/reports/low-stock, Params: api/reports/low-stock
[23-May-2026 06:55:21 UTC] Method: GET, URI: /api/products, Params: api/products
[23-May-2026 06:55:21 UTC] Method: GET, URI: /api/reports/low-stock, Params: api/reports/low-stock
[23-May-2026 06:55:24 UTC] Method: GET, URI: /api/reports/low-stock, Params: api/reports/low-stock
[23-May-2026 06:55:24 UTC] Method: GET, URI: /api/products, Params: api/products
[23-May-2026 06:55:27 UTC] Method: GET, URI: /api/reports/low-stock, Params: api/reports/low-stock
[23-May-2026 06:55:27 UTC] Method: GET, URI: /api/products, Params: api/products
[23-May-2026 06:55:31 UTC] Method: GET, URI: /api/products, Params: api/products
[23-May-2026 06:55:31 UTC] Method: GET, URI: /api/reports/low-stock, Params: api/reports/low-stock
[23-May-2026 06:55:34 UTC] Method: GET, URI: /api/reports/low-stock, Params: api/reports/low-stock
[23-May-2026 06:55:34 UTC] Method: GET, URI: /api/products, Params: api/products
[23-May-2026 06:55:37 UTC] Method: GET, URI: /api/reports/low-stock, Params: api/reports/low-stock
[23-May-2026 06:55:37 UTC] Method: GET, URI: /api/products, Params: api/products
[23-May-2026 06:55:40 UTC] Method: GET, URI: /api/reports/low-stock, Params: api/reports/low-stock
[23-May-2026 06:55:40 UTC] Method: GET, URI: /api/products, Params: api/products
[23-May-2026 06:55:43 UTC] Method: GET, URI: /api/products, Params: api/products
[23-May-2026 06:55:43 UTC] Method: GET, URI: /api/reports/low-stock, Params: api/reports/low-stock
[23-May-2026 06:55:46 UTC] Method: GET, URI: /api/products, Params: api/products
[23-May-2026 06:55:46 UTC] Method: GET, URI: /api/reports/low-stock, Params: api/reports/low-stock
[23-May-2026 06:55:49 UTC] Method: GET, URI: /api/reports/low-stock, Params: api/reports/low-stock
[23-May-2026 06:55:49 UTC] Method: GET, URI: /api/products, Params: api/products
[23-May-2026 06:55:52 UTC] Method: GET, URI: /api/reports/low-stock, Params: api/reports/low-stock
[23-May-2026 06:55:52 UTC] Method: GET, URI: /api/products, Params: api/products
[23-May-2026 06:55:55 UTC] Method: GET, URI: /api/products, Params: api/products
[23-May-2026 06:55:55 UTC] Method: GET, URI: /api/reports/low-stock, Params: api/reports/low-stock
[23-May-2026 06:55:58 UTC] Method: GET, URI: /api/products, Params: api/products
[23-May-2026 06:55:58 UTC] Method: GET, URI: /api/reports/low-stock, Params: api/reports/low-stock
[23-May-2026 06:56:01 UTC] Method: GET, URI: /api/reports/low-stock, Params: api/reports/low-stock
[23-May-2026 06:56:01 UTC] Method: GET, URI: /api/products, Params: api/products
[23-May-2026 06:56:04 UTC] Method: GET, URI: /api/products, Params: api/products
[23-May-2026 06:56:04 UTC] Method: GET, URI: /api/reports/low-stock, Params: api/reports/low-stock
[23-May-2026 06:56:07 UTC] Method: GET, URI: /api/products, Params: api/products
[23-May-2026 06:56:07 UTC] Method: GET, URI: /api/reports/low-stock, Params: api/reports/low-stock
[23-May-2026 06:56:10 UTC] Method: GET, URI: /api/products, Params: api/products
[23-May-2026 06:56:10 UTC] Method: GET, URI: /api/reports/low-stock, Params: api/reports/low-stock
[23-May-2026 06:56:11 UTC] Method: GET, URI: /api/reports/low-stock, Params: api/reports/low-stock
[23-May-2026 06:56:11 UTC] Method: GET, URI: /api/products, Params: api/products
[23-May-2026 06:56:15 UTC] Method: GET, URI: /api/reports/low-stock, Params: api/reports/low-stock
[23-May-2026 06:56:15 UTC] Method: GET, URI: /api/products, Params: api/products
[23-May-2026 06:56:18 UTC] Method: GET, URI: /api/products, Params: api/products
[23-May-2026 06:56:18 UTC] Method: GET, URI: /api/reports/low-stock, Params: api/reports/low-stock
[23-May-2026 06:56:21 UTC] Method: GET, URI: /api/reports/low-stock, Params: api/reports/low-stock
[23-May-2026 06:56:21 UTC] Method: GET, URI: /api/products, Params: api/products
[23-May-2026 06:56:24 UTC] Method: GET, URI: /api/products, Params: api/products
[23-May-2026 06:56:24 UTC] Method: GET, URI: /api/reports/low-stock, Params: api/reports/low-stock
[23-May-2026 06:56:27 UTC] Method: GET, URI: /api/products, Params: api/products
[23-May-2026 06:56:27 UTC] Method: GET, URI: /api/reports/low-stock, Params: api/reports/low-stock
[23-May-2026 06:56:35 UTC] Method: GET, URI: /api/products, Params: api/products
[23-May-2026 06:56:35 UTC] Method: GET, URI: /api/reports/low-stock, Params: api/reports/low-stock
[23-May-2026 06:56:36 UTC] Method: GET, URI: /api/users/profile, Params: api/users/profile
[23-May-2026 06:56:40 UTC] Method: GET, URI: /api/reports/low-stock, Params: api/reports/low-stock
[23-May-2026 06:56:40 UTC] Method: GET, URI: /api/reports/stock-levels, Params: api/reports/stock-levels
[23-May-2026 06:56:45 UTC] Method: GET, URI: /api/reports/low-stock, Params: api/reports/low-stock
[23-May-2026 06:56:45 UTC] Method: GET, URI: /api/reports/stock-levels, Params: api/reports/stock-levels
[23-May-2026 06:56:50 UTC] Method: GET, URI: /api/reports/low-stock, Params: api/reports/low-stock
[23-May-2026 06:56:50 UTC] Method: GET, URI: /api/reports/stock-levels, Params: api/reports/stock-levels
[23-May-2026 06:56:55 UTC] Method: GET, URI: /api/reports/stock-levels, Params: api/reports/stock-levels
[23-May-2026 06:56:55 UTC] Method: GET, URI: /api/reports/low-stock, Params: api/reports/low-stock
[23-May-2026 06:57:00 UTC] Method: GET, URI: /api/reports/low-stock, Params: api/reports/low-stock
[23-May-2026 06:57:00 UTC] Method: GET, URI: /api/reports/stock-levels, Params: api/reports/stock-levels
[23-May-2026 06:57:05 UTC] Method: GET, URI: /api/reports/low-stock, Params: api/reports/low-stock
[23-May-2026 06:57:05 UTC] Method: GET, URI: /api/reports/stock-levels, Params: api/reports/stock-levels
[23-May-2026 06:57:10 UTC] Method: GET, URI: /api/reports/low-stock, Params: api/reports/low-stock
[23-May-2026 06:57:10 UTC] Method: GET, URI: /api/reports/stock-levels, Params: api/reports/stock-levels
[23-May-2026 06:57:11 UTC] Method: GET, URI: /api/reports/stock-levels, Params: api/reports/stock-levels
[23-May-2026 06:57:11 UTC] Method: GET, URI: /api/products, Params: api/products
[23-May-2026 06:57:15 UTC] Method: GET, URI: /api/products, Params: api/products
[23-May-2026 06:57:15 UTC] Method: GET, URI: /api/reports/low-stock, Params: api/reports/low-stock
[23-May-2026 06:57:18 UTC] Method: GET, URI: /api/reports/low-stock, Params: api/reports/low-stock
[23-May-2026 06:57:18 UTC] Method: GET, URI: /api/products, Params: api/products
[23-May-2026 06:57:21 UTC] Method: GET, URI: /api/products, Params: api/products
[23-May-2026 06:57:21 UTC] Method: GET, URI: /api/reports/low-stock, Params: api/reports/low-stock
[23-May-2026 06:57:24 UTC] Method: GET, URI: /api/products, Params: api/products
[23-May-2026 06:57:24 UTC] Method: GET, URI: /api/reports/low-stock, Params: api/reports/low-stock
[23-May-2026 06:57:27 UTC] Method: GET, URI: /api/products, Params: api/products
[23-May-2026 06:57:27 UTC] Method: GET, URI: /api/reports/low-stock, Params: api/reports/low-stock
[23-May-2026 06:57:30 UTC] Method: GET, URI: /api/products, Params: api/products
[23-May-2026 06:57:30 UTC] Method: GET, URI: /api/reports/low-stock, Params: api/reports/low-stock
[23-May-2026 06:57:33 UTC] Method: GET, URI: /api/products, Params: api/products
[23-May-2026 06:57:33 UTC] Method: GET, URI: /api/reports/low-stock, Params: api/reports/low-stock
[23-May-2026 06:57:36 UTC] Method: GET, URI: /api/reports/low-stock, Params: api/reports/low-stock
[23-May-2026 06:57:36 UTC] Method: GET, URI: /api/products, Params: api/products
[23-May-2026 06:57:40 UTC] Method: GET, URI: /api/products, Params: api/products
[23-May-2026 06:57:40 UTC] Method: GET, URI: /api/reports/low-stock, Params: api/reports/low-stock
[23-May-2026 06:57:43 UTC] Method: GET, URI: /api/reports/low-stock, Params: api/reports/low-stock
[23-May-2026 06:57:43 UTC] Method: GET, URI: /api/products, Params: api/products
[23-May-2026 06:57:46 UTC] Method: GET, URI: /api/products, Params: api/products
[23-May-2026 06:57:46 UTC] Method: GET, URI: /api/reports/low-stock, Params: api/reports/low-stock
[23-May-2026 06:57:49 UTC] Method: GET, URI: /api/reports/low-stock, Params: api/reports/low-stock
[23-May-2026 06:57:49 UTC] Method: GET, URI: /api/products, Params: api/products
[23-May-2026 06:57:52 UTC] Method: GET, URI: /api/products, Params: api/products
[23-May-2026 06:57:52 UTC] Method: GET, URI: /api/reports/low-stock, Params: api/reports/low-stock
[23-May-2026 06:57:55 UTC] Method: GET, URI: /api/reports/low-stock, Params: api/reports/low-stock
[23-May-2026 06:57:55 UTC] Method: GET, URI: /api/products, Params: api/products
[23-May-2026 06:57:58 UTC] Method: GET, URI: /api/products, Params: api/products
[23-May-2026 06:57:58 UTC] Method: GET, URI: /api/reports/low-stock, Params: api/reports/low-stock
[23-May-2026 06:58:01 UTC] Method: GET, URI: /api/products, Params: api/products
[23-May-2026 06:58:01 UTC] Method: GET, URI: /api/reports/low-stock, Params: api/reports/low-stock
[23-May-2026 06:58:04 UTC] Method: GET, URI: /api/products, Params: api/products
[23-May-2026 06:58:04 UTC] Method: GET, URI: /api/reports/low-stock, Params: api/reports/low-stock
[23-May-2026 06:58:07 UTC] Method: GET, URI: /api/products, Params: api/products
[23-May-2026 06:58:07 UTC] Method: GET, URI: /api/reports/low-stock, Params: api/reports/low-stock
[23-May-2026 06:58:10 UTC] Method: GET, URI: /api/products, Params: api/products
[23-May-2026 06:58:10 UTC] Method: GET, URI: /api/reports/low-stock, Params: api/reports/low-stock
[23-May-2026 06:58:13 UTC] Method: GET, URI: /api/reports/low-stock, Params: api/reports/low-stock
[23-May-2026 06:58:13 UTC] Method: GET, URI: /api/products, Params: api/products
[23-May-2026 06:58:16 UTC] Method: GET, URI: /api/products, Params: api/products
[23-May-2026 06:58:16 UTC] Method: GET, URI: /api/reports/low-stock, Params: api/reports/low-stock
[23-May-2026 06:58:19 UTC] Method: GET, URI: /api/reports/low-stock, Params: api/reports/low-stock
[23-May-2026 06:58:19 UTC] Method: GET, URI: /api/products, Params: api/products
[23-May-2026 06:58:22 UTC] Method: GET, URI: /api/products, Params: api/products
[23-May-2026 06:58:22 UTC] Method: GET, URI: /api/reports/low-stock, Params: api/reports/low-stock
[23-May-2026 06:58:25 UTC] Method: GET, URI: /api/reports/low-stock, Params: api/reports/low-stock
[23-May-2026 06:58:25 UTC] Method: GET, URI: /api/products, Params: api/products
[23-May-2026 06:58:28 UTC] Method: GET, URI: /api/products, Params: api/products
[23-May-2026 06:58:28 UTC] Method: GET, URI: /api/reports/low-stock, Params: api/reports/low-stock
[23-May-2026 06:58:31 UTC] Method: GET, URI: /api/reports/low-stock, Params: api/reports/low-stock
[23-May-2026 06:58:31 UTC] Method: GET, URI: /api/products, Params: api/products
[23-May-2026 06:58:34 UTC] Method: GET, URI: /api/products, Params: api/products
[23-May-2026 06:58:34 UTC] Method: GET, URI: /api/reports/low-stock, Params: api/reports/low-stock
[23-May-2026 06:59:23 UTC] Method: GET, URI: /api/products, Params: api/products
[23-May-2026 06:59:23 UTC] Method: GET, URI: /api/reports/low-stock, Params: api/reports/low-stock
[23-May-2026 07:00:05 UTC] Method: GET, URI: /api/reports/low-stock, Params: api/reports/low-stock
[23-May-2026 07:00:05 UTC] Method: GET, URI: /api/products, Params: api/products
[23-May-2026 07:00:05 UTC] Method: GET, URI: /api/reports/stock-levels, Params: api/reports/stock-levels
[23-May-2026 07:00:11 UTC] Method: GET, URI: /api/products, Params: api/products
[23-May-2026 07:00:11 UTC] Method: GET, URI: /api/reports/low-stock, Params: api/reports/low-stock
[23-May-2026 07:00:11 UTC] Method: GET, URI: /api/reports/stock-levels, Params: api/reports/stock-levels
[23-May-2026 07:00:16 UTC] Method: GET, URI: /api/products, Params: api/products
[23-May-2026 07:00:16 UTC] Method: GET, URI: /api/reports/stock-levels, Params: api/reports/stock-levels
[23-May-2026 07:00:16 UTC] Method: GET, URI: /api/reports/low-stock, Params: api/reports/low-stock
[23-May-2026 07:00:21 UTC] Method: GET, URI: /api/products, Params: api/products
[23-May-2026 07:00:21 UTC] Method: GET, URI: /api/reports/low-stock, Params: api/reports/low-stock
[23-May-2026 07:00:21 UTC] Method: GET, URI: /api/reports/stock-levels, Params: api/reports/stock-levels
[23-May-2026 07:00:26 UTC] Method: GET, URI: /api/products, Params: api/products
[23-May-2026 07:00:26 UTC] Method: GET, URI: /api/reports/low-stock, Params: api/reports/low-stock
[23-May-2026 07:00:26 UTC] Method: GET, URI: /api/reports/stock-levels, Params: api/reports/stock-levels
[23-May-2026 07:00:30 UTC] Method: GET, URI: /api/reports/stock-levels, Params: api/reports/stock-levels
[23-May-2026 07:00:30 UTC] Method: GET, URI: /api/products, Params: api/products
[23-May-2026 07:00:30 UTC] Method: GET, URI: /api/reports/low-stock, Params: api/reports/low-stock
[23-May-2026 07:00:35 UTC] Method: GET, URI: /api/products, Params: api/products
[23-May-2026 07:00:35 UTC] Method: GET, URI: /api/reports/stock-levels, Params: api/reports/stock-levels
[23-May-2026 07:00:35 UTC] Method: GET, URI: /api/reports/low-stock, Params: api/reports/low-stock
[23-May-2026 07:00:40 UTC] Method: GET, URI: /api/reports/low-stock, Params: api/reports/low-stock
[23-May-2026 07:00:40 UTC] Method: GET, URI: /api/reports/stock-levels, Params: api/reports/stock-levels
[23-May-2026 07:00:40 UTC] Method: GET, URI: /api/products, Params: api/products
[23-May-2026 07:00:45 UTC] Method: GET, URI: /api/reports/stock-levels, Params: api/reports/stock-levels
[23-May-2026 07:00:45 UTC] Method: GET, URI: /api/reports/low-stock, Params: api/reports/low-stock
[23-May-2026 07:00:45 UTC] Method: GET, URI: /api/products, Params: api/products
[23-May-2026 07:00:50 UTC] Method: GET, URI: /api/reports/stock-levels, Params: api/reports/stock-levels
[23-May-2026 07:00:50 UTC] Method: GET, URI: /api/reports/low-stock, Params: api/reports/low-stock
[23-May-2026 07:00:50 UTC] Method: GET, URI: /api/products, Params: api/products
[23-May-2026 07:00:56 UTC] Method: GET, URI: /api/products, Params: api/products
[23-May-2026 07:00:56 UTC] Method: GET, URI: /api/reports/stock-levels, Params: api/reports/stock-levels
[23-May-2026 07:00:56 UTC] Method: GET, URI: /api/reports/low-stock, Params: api/reports/low-stock
[23-May-2026 07:01:01 UTC] Method: GET, URI: /api/products, Params: api/products
[23-May-2026 07:01:01 UTC] Method: GET, URI: /api/reports/stock-levels, Params: api/reports/stock-levels
[23-May-2026 07:01:01 UTC] Method: GET, URI: /api/reports/low-stock, Params: api/reports/low-stock
[23-May-2026 07:01:06 UTC] Method: GET, URI: /api/products, Params: api/products
[23-May-2026 07:01:06 UTC] Method: GET, URI: /api/reports/stock-levels, Params: api/reports/stock-levels
[23-May-2026 07:01:06 UTC] Method: GET, URI: /api/reports/low-stock, Params: api/reports/low-stock
[23-May-2026 07:01:11 UTC] Method: GET, URI: /api/products, Params: api/products
[23-May-2026 07:01:11 UTC] Method: GET, URI: /api/reports/low-stock, Params: api/reports/low-stock
[23-May-2026 07:01:11 UTC] Method: GET, URI: /api/reports/stock-levels, Params: api/reports/stock-levels
[23-May-2026 07:01:16 UTC] Method: GET, URI: /api/reports/stock-levels, Params: api/reports/stock-levels
[23-May-2026 07:01:16 UTC] Method: GET, URI: /api/reports/low-stock, Params: api/reports/low-stock
[23-May-2026 07:01:16 UTC] Method: GET, URI: /api/products, Params: api/products
[23-May-2026 07:01:21 UTC] Method: GET, URI: /api/reports/stock-levels, Params: api/reports/stock-levels
[23-May-2026 07:01:21 UTC] Method: GET, URI: /api/products, Params: api/products
[23-May-2026 07:01:21 UTC] Method: GET, URI: /api/reports/low-stock, Params: api/reports/low-stock
[23-May-2026 07:01:26 UTC] Method: GET, URI: /api/reports/stock-levels, Params: api/reports/stock-levels
[23-May-2026 07:01:26 UTC] Method: GET, URI: /api/reports/low-stock, Params: api/reports/low-stock
[23-May-2026 07:01:26 UTC] Method: GET, URI: /api/products, Params: api/products
[23-May-2026 07:01:31 UTC] Method: GET, URI: /api/reports/low-stock, Params: api/reports/low-stock
[23-May-2026 07:01:31 UTC] Method: GET, URI: /api/reports/stock-levels, Params: api/reports/stock-levels
[23-May-2026 07:01:31 UTC] Method: GET, URI: /api/products, Params: api/products
[23-May-2026 07:01:36 UTC] Method: GET, URI: /api/reports/low-stock, Params: api/reports/low-stock
[23-May-2026 07:01:36 UTC] Method: GET, URI: /api/reports/stock-levels, Params: api/reports/stock-levels
[23-May-2026 07:01:36 UTC] Method: GET, URI: /api/products, Params: api/products
[23-May-2026 07:01:41 UTC] Method: GET, URI: /api/reports/low-stock, Params: api/reports/low-stock
[23-May-2026 07:01:41 UTC] Method: GET, URI: /api/reports/stock-levels, Params: api/reports/stock-levels
[23-May-2026 07:01:41 UTC] Method: GET, URI: /api/products, Params: api/products
[23-May-2026 07:01:46 UTC] Method: GET, URI: /api/reports/low-stock, Params: api/reports/low-stock
[23-May-2026 07:01:46 UTC] Method: GET, URI: /api/reports/stock-levels, Params: api/reports/stock-levels
[23-May-2026 07:01:46 UTC] Method: GET, URI: /api/products, Params: api/products
[23-May-2026 07:01:51 UTC] Method: GET, URI: /api/products, Params: api/products
[23-May-2026 07:01:51 UTC] Method: GET, URI: /api/reports/stock-levels, Params: api/reports/stock-levels
[23-May-2026 07:01:51 UTC] Method: GET, URI: /api/reports/low-stock, Params: api/reports/low-stock
[23-May-2026 07:02:23 UTC] Method: GET, URI: /api/products, Params: api/products
[23-May-2026 07:02:23 UTC] Method: GET, URI: /api/reports/low-stock, Params: api/reports/low-stock
[23-May-2026 07:02:23 UTC] Method: GET, URI: /api/reports/stock-levels, Params: api/reports/stock-levels
[23-May-2026 07:03:09 UTC] Method: GET, URI: /api/products, Params: api/products
[23-May-2026 07:03:09 UTC] Method: GET, URI: /api/reports/stock-levels, Params: api/reports/stock-levels
[23-May-2026 07:03:09 UTC] Method: GET, URI: /api/reports/low-stock, Params: api/reports/low-stock
[23-May-2026 07:03:15 UTC] Method: GET, URI: /api/products, Params: api/products
[23-May-2026 07:03:15 UTC] Method: GET, URI: /api/reports/low-stock, Params: api/reports/low-stock
[23-May-2026 07:03:15 UTC] Method: GET, URI: /api/reports/stock-levels, Params: api/reports/stock-levels
[23-May-2026 07:03:19 UTC] Method: GET, URI: /api/products, Params: api/products
[23-May-2026 07:03:19 UTC] Method: GET, URI: /api/reports/stock-levels, Params: api/reports/stock-levels
[23-May-2026 07:03:19 UTC] Method: GET, URI: /api/reports/low-stock, Params: api/reports/low-stock
[23-May-2026 07:03:25 UTC] Method: GET, URI: /api/products, Params: api/products
[23-May-2026 07:03:25 UTC] Method: GET, URI: /api/reports/stock-levels, Params: api/reports/stock-levels
[23-May-2026 07:03:25 UTC] Method: GET, URI: /api/reports/low-stock, Params: api/reports/low-stock
[23-May-2026 07:03:30 UTC] Method: GET, URI: /api/reports/low-stock, Params: api/reports/low-stock
[23-May-2026 07:03:30 UTC] Method: GET, URI: /api/reports/stock-levels, Params: api/reports/stock-levels
[23-May-2026 07:03:30 UTC] Method: GET, URI: /api/products, Params: api/products
[23-May-2026 07:03:35 UTC] Method: GET, URI: /api/products, Params: api/products
[23-May-2026 07:03:35 UTC] Method: GET, URI: /api/reports/stock-levels, Params: api/reports/stock-levels
[23-May-2026 07:03:35 UTC] Method: GET, URI: /api/reports/low-stock, Params: api/reports/low-stock
[23-May-2026 07:03:40 UTC] Method: GET, URI: /api/products, Params: api/products
[23-May-2026 07:03:40 UTC] Method: GET, URI: /api/reports/stock-levels, Params: api/reports/stock-levels
[23-May-2026 07:03:40 UTC] Method: GET, URI: /api/reports/low-stock, Params: api/reports/low-stock
[23-May-2026 07:03:42 UTC] Method: GET, URI: /api/reports/low-stock, Params: api/reports/low-stock
[23-May-2026 07:03:42 UTC] Method: GET, URI: /api/products, Params: api/products
[23-May-2026 07:03:42 UTC] Method: GET, URI: /api/reports/stock-levels, Params: api/reports/stock-levels
[23-May-2026 07:03:48 UTC] Method: GET, URI: /api/products, Params: api/products
[23-May-2026 07:03:48 UTC] Method: GET, URI: /api/reports/stock-levels, Params: api/reports/stock-levels
[23-May-2026 07:03:48 UTC] Method: GET, URI: /api/reports/low-stock, Params: api/reports/low-stock
[23-May-2026 07:03:53 UTC] Method: GET, URI: /api/products, Params: api/products
[23-May-2026 07:03:53 UTC] Method: GET, URI: /api/reports/stock-levels, Params: api/reports/stock-levels
[23-May-2026 07:03:53 UTC] Method: GET, URI: /api/reports/low-stock, Params: api/reports/low-stock
[23-May-2026 07:03:56 UTC] Method: GET, URI: /api/reports/low-stock, Params: api/reports/low-stock
[23-May-2026 07:03:56 UTC] Method: GET, URI: /api/reports/stock-levels, Params: api/reports/stock-levels
[23-May-2026 07:03:56 UTC] Method: GET, URI: /api/products, Params: api/products
[23-May-2026 07:04:02 UTC] Method: GET, URI: /api/products, Params: api/products
[23-May-2026 07:04:02 UTC] Method: GET, URI: /api/reports/low-stock, Params: api/reports/low-stock
[23-May-2026 07:04:02 UTC] Method: GET, URI: /api/reports/stock-levels, Params: api/reports/stock-levels
[23-May-2026 07:04:07 UTC] Method: GET, URI: /api/reports/low-stock, Params: api/reports/low-stock
[23-May-2026 07:04:07 UTC] Method: GET, URI: /api/reports/stock-levels, Params: api/reports/stock-levels
[23-May-2026 07:04:07 UTC] Method: GET, URI: /api/products, Params: api/products
[23-May-2026 07:04:12 UTC] Method: GET, URI: /api/products, Params: api/products
[23-May-2026 07:04:12 UTC] Method: GET, URI: /api/reports/low-stock, Params: api/reports/low-stock
[23-May-2026 07:04:12 UTC] Method: GET, URI: /api/reports/stock-levels, Params: api/reports/stock-levels
[23-May-2026 07:04:17 UTC] Method: GET, URI: /api/products, Params: api/products
[23-May-2026 07:04:17 UTC] Method: GET, URI: /api/reports/low-stock, Params: api/reports/low-stock
[23-May-2026 07:04:17 UTC] Method: GET, URI: /api/reports/stock-levels, Params: api/reports/stock-levels
[23-May-2026 07:04:22 UTC] Method: GET, URI: /api/reports/stock-levels, Params: api/reports/stock-levels
[23-May-2026 07:04:22 UTC] Method: GET, URI: /api/reports/low-stock, Params: api/reports/low-stock
[23-May-2026 07:04:22 UTC] Method: GET, URI: /api/products, Params: api/products
[23-May-2026 07:04:28 UTC] Method: GET, URI: /api/reports/low-stock, Params: api/reports/low-stock
[23-May-2026 07:04:28 UTC] Method: GET, URI: /api/reports/stock-levels, Params: api/reports/stock-levels
[23-May-2026 07:04:28 UTC] Method: GET, URI: /api/products, Params: api/products
[23-May-2026 07:04:34 UTC] Method: GET, URI: /api/products, Params: api/products
[23-May-2026 07:04:34 UTC] Method: GET, URI: /api/reports/stock-levels, Params: api/reports/stock-levels
[23-May-2026 07:04:34 UTC] Method: GET, URI: /api/reports/low-stock, Params: api/reports/low-stock
[23-May-2026 07:04:39 UTC] Method: GET, URI: /api/reports/low-stock, Params: api/reports/low-stock
[23-May-2026 07:04:39 UTC] Method: GET, URI: /api/products, Params: api/products
[23-May-2026 07:04:39 UTC] Method: GET, URI: /api/reports/stock-levels, Params: api/reports/stock-levels
[23-May-2026 07:04:44 UTC] Method: GET, URI: /api/products, Params: api/products
[23-May-2026 07:04:44 UTC] Method: GET, URI: /api/reports/low-stock, Params: api/reports/low-stock
[23-May-2026 07:04:44 UTC] Method: GET, URI: /api/reports/stock-levels, Params: api/reports/stock-levels
[23-May-2026 07:04:49 UTC] Method: GET, URI: /api/products, Params: api/products
[23-May-2026 07:04:49 UTC] Method: GET, URI: /api/reports/low-stock, Params: api/reports/low-stock
[23-May-2026 07:04:49 UTC] Method: GET, URI: /api/reports/stock-levels, Params: api/reports/stock-levels
[23-May-2026 07:04:54 UTC] Method: GET, URI: /api/reports/low-stock, Params: api/reports/low-stock
[23-May-2026 07:04:54 UTC] Method: GET, URI: /api/reports/stock-levels, Params: api/reports/stock-levels
[23-May-2026 07:04:54 UTC] Method: GET, URI: /api/products, Params: api/products
[23-May-2026 07:05:23 UTC] Method: GET, URI: /api/products, Params: api/products
[23-May-2026 07:05:23 UTC] Method: GET, URI: /api/reports/low-stock, Params: api/reports/low-stock
[23-May-2026 07:05:23 UTC] Method: GET, URI: /api/reports/stock-levels, Params: api/reports/stock-levels
[23-May-2026 07:05:28 UTC] Method: GET, URI: /api/reports/low-stock, Params: api/reports/low-stock
[23-May-2026 07:05:28 UTC] Method: GET, URI: /api/reports/stock-levels, Params: api/reports/stock-levels
[23-May-2026 07:05:28 UTC] Method: GET, URI: /api/products, Params: api/products
[23-May-2026 07:05:29 UTC] Method: GET, URI: /api/products, Params: api/products
[23-May-2026 07:05:30 UTC] Method: GET, URI: /api/products, Params: api/products
[23-May-2026 07:05:30 UTC] Method: GET, URI: /api/reports/stock-levels, Params: api/reports/stock-levels
[23-May-2026 07:05:30 UTC] Method: GET, URI: /api/reports/low-stock, Params: api/reports/low-stock
[23-May-2026 07:05:35 UTC] Method: GET, URI: /api/reports/stock-levels, Params: api/reports/stock-levels
[23-May-2026 07:05:36 UTC] Method: GET, URI: /api/reports/low-stock, Params: api/reports/low-stock
[23-May-2026 07:05:36 UTC] Method: GET, URI: /api/products, Params: api/products
[23-May-2026 07:05:40 UTC] Method: GET, URI: /api/products, Params: api/products
[23-May-2026 07:05:40 UTC] Method: GET, URI: /api/reports/stock-levels, Params: api/reports/stock-levels
[23-May-2026 07:05:44 UTC] Method: GET, URI: /api/reports/low-stock, Params: api/reports/low-stock
[23-May-2026 07:05:44 UTC] Method: GET, URI: /api/products, Params: api/products
[23-May-2026 07:05:44 UTC] Method: GET, URI: /api/reports/stock-levels, Params: api/reports/stock-levels
[23-May-2026 07:05:49 UTC] Method: GET, URI: /api/reports/low-stock, Params: api/reports/low-stock
[23-May-2026 07:05:49 UTC] Method: GET, URI: /api/products, Params: api/products
[23-May-2026 07:05:49 UTC] Method: GET, URI: /api/reports/stock-levels, Params: api/reports/stock-levels
[23-May-2026 07:05:54 UTC] Method: GET, URI: /api/products, Params: api/products
[23-May-2026 07:05:54 UTC] Method: GET, URI: /api/reports/low-stock, Params: api/reports/low-stock
[23-May-2026 07:05:54 UTC] Method: GET, URI: /api/reports/stock-levels, Params: api/reports/stock-levels
[23-May-2026 07:05:55 UTC] Method: GET, URI: /api/products, Params: api/products
[23-May-2026 07:05:59 UTC] Method: GET, URI: /api/products, Params: api/products
[23-May-2026 07:06:00 UTC] Method: GET, URI: /api/users/profile, Params: api/users/profile
[23-May-2026 07:06:02 UTC] Method: GET, URI: /api/reports/low-stock, Params: api/reports/low-stock
[23-May-2026 07:06:02 UTC] Method: GET, URI: /api/reports/stock-levels, Params: api/reports/stock-levels
[23-May-2026 07:06:06 UTC] Method: GET, URI: /api/reports/stock-levels, Params: api/reports/stock-levels
[23-May-2026 07:06:06 UTC] Method: GET, URI: /api/products, Params: api/products
[23-May-2026 07:06:07 UTC] Method: GET, URI: /api/products, Params: api/products
[23-May-2026 07:06:11 UTC] Method: GET, URI: /api/products, Params: api/products
[23-May-2026 07:06:11 UTC] Method: GET, URI: /api/products, Params: api/products
[23-May-2026 07:06:11 UTC] Method: GET, URI: /api/reports/stock-levels, Params: api/reports/stock-levels
[23-May-2026 07:06:11 UTC] Method: GET, URI: /api/reports/low-stock, Params: api/reports/low-stock
[23-May-2026 07:06:16 UTC] Method: GET, URI: /api/reports/low-stock, Params: api/reports/low-stock
[23-May-2026 07:06:16 UTC] Method: GET, URI: /api/reports/stock-levels, Params: api/reports/stock-levels
[23-May-2026 07:06:16 UTC] Method: GET, URI: /api/products, Params: api/products
[23-May-2026 07:06:21 UTC] Method: GET, URI: /api/reports/low-stock, Params: api/reports/low-stock
[23-May-2026 07:06:21 UTC] Method: GET, URI: /api/reports/stock-levels, Params: api/reports/stock-levels
[23-May-2026 07:06:21 UTC] Method: GET, URI: /api/products, Params: api/products
[23-May-2026 07:06:24 UTC] Method: GET, URI: /api/users/profile, Params: api/users/profile
[23-May-2026 07:06:27 UTC] Method: GET, URI: /api/reports/low-stock, Params: api/reports/low-stock
[23-May-2026 07:06:27 UTC] Method: GET, URI: /api/reports/stock-levels, Params: api/reports/stock-levels
[23-May-2026 07:06:33 UTC] Method: GET, URI: /api/reports/stock-levels, Params: api/reports/stock-levels
[23-May-2026 07:06:33 UTC] Method: GET, URI: /api/reports/low-stock, Params: api/reports/low-stock
[23-May-2026 07:06:37 UTC] Method: GET, URI: /api/reports/stock-levels, Params: api/reports/stock-levels
[23-May-2026 07:06:37 UTC] Method: GET, URI: /api/reports/low-stock, Params: api/reports/low-stock
[23-May-2026 07:06:43 UTC] Method: GET, URI: /api/reports/low-stock, Params: api/reports/low-stock
[23-May-2026 07:06:43 UTC] Method: GET, URI: /api/reports/stock-levels, Params: api/reports/stock-levels
[23-May-2026 07:06:48 UTC] Method: GET, URI: /api/reports/stock-levels, Params: api/reports/stock-levels
[23-May-2026 07:06:48 UTC] Method: GET, URI: /api/reports/low-stock, Params: api/reports/low-stock
[23-May-2026 07:06:53 UTC] Method: GET, URI: /api/reports/stock-levels, Params: api/reports/stock-levels
[23-May-2026 07:06:53 UTC] Method: GET, URI: /api/reports/low-stock, Params: api/reports/low-stock
[23-May-2026 07:06:58 UTC] Method: GET, URI: /api/reports/stock-levels, Params: api/reports/stock-levels
[23-May-2026 07:06:58 UTC] Method: GET, URI: /api/reports/low-stock, Params: api/reports/low-stock
[23-May-2026 07:07:03 UTC] Method: GET, URI: /api/reports/stock-levels, Params: api/reports/stock-levels
[23-May-2026 07:07:03 UTC] Method: GET, URI: /api/reports/low-stock, Params: api/reports/low-stock
[23-May-2026 07:07:08 UTC] Method: GET, URI: /api/reports/low-stock, Params: api/reports/low-stock
[23-May-2026 07:07:08 UTC] Method: GET, URI: /api/reports/stock-levels, Params: api/reports/stock-levels
[23-May-2026 07:07:13 UTC] Method: GET, URI: /api/reports/stock-levels, Params: api/reports/stock-levels
[23-May-2026 07:07:13 UTC] Method: GET, URI: /api/reports/low-stock, Params: api/reports/low-stock
[23-May-2026 07:07:18 UTC] Method: GET, URI: /api/reports/stock-levels, Params: api/reports/stock-levels
[23-May-2026 07:07:18 UTC] Method: GET, URI: /api/reports/low-stock, Params: api/reports/low-stock
[23-May-2026 07:07:23 UTC] Method: GET, URI: /api/reports/low-stock, Params: api/reports/low-stock
[23-May-2026 07:07:23 UTC] Method: GET, URI: /api/reports/stock-levels, Params: api/reports/stock-levels
[23-May-2026 07:07:28 UTC] Method: GET, URI: /api/reports/stock-levels, Params: api/reports/stock-levels
[23-May-2026 07:07:28 UTC] Method: GET, URI: /api/reports/low-stock, Params: api/reports/low-stock
[23-May-2026 07:07:33 UTC] Method: GET, URI: /api/reports/stock-levels, Params: api/reports/stock-levels
[23-May-2026 07:07:33 UTC] Method: GET, URI: /api/reports/low-stock, Params: api/reports/low-stock
[23-May-2026 07:07:39 UTC] Method: GET, URI: /api/reports/stock-levels, Params: api/reports/stock-levels
[23-May-2026 07:07:39 UTC] Method: GET, URI: /api/reports/low-stock, Params: api/reports/low-stock
[23-May-2026 07:07:43 UTC] Method: GET, URI: /api/reports/low-stock, Params: api/reports/low-stock
[23-May-2026 07:07:43 UTC] Method: GET, URI: /api/reports/stock-levels, Params: api/reports/stock-levels
[23-May-2026 07:07:49 UTC] Method: GET, URI: /api/reports/low-stock, Params: api/reports/low-stock
[23-May-2026 07:07:49 UTC] Method: GET, URI: /api/reports/stock-levels, Params: api/reports/stock-levels
[23-May-2026 07:07:54 UTC] Method: GET, URI: /api/reports/stock-levels, Params: api/reports/stock-levels
[23-May-2026 07:07:54 UTC] Method: GET, URI: /api/reports/low-stock, Params: api/reports/low-stock
[23-May-2026 07:07:59 UTC] Method: GET, URI: /api/reports/stock-levels, Params: api/reports/stock-levels
[23-May-2026 07:07:59 UTC] Method: GET, URI: /api/reports/low-stock, Params: api/reports/low-stock
[23-May-2026 07:08:04 UTC] Method: GET, URI: /api/reports/stock-levels, Params: api/reports/stock-levels
[23-May-2026 07:08:04 UTC] Method: GET, URI: /api/reports/low-stock, Params: api/reports/low-stock
[23-May-2026 07:08:09 UTC] Method: GET, URI: /api/reports/stock-levels, Params: api/reports/stock-levels
[23-May-2026 07:08:09 UTC] Method: GET, URI: /api/reports/low-stock, Params: api/reports/low-stock
[23-May-2026 07:08:18 UTC] Method: GET, URI: /api/reports/low-stock, Params: api/reports/low-stock
[23-May-2026 07:08:18 UTC] Method: GET, URI: /api/reports/stock-levels, Params: api/reports/stock-levels
[23-May-2026 07:08:23 UTC] Method: GET, URI: /api/reports/low-stock, Params: api/reports/low-stock
[23-May-2026 07:08:23 UTC] Method: GET, URI: /api/reports/stock-levels, Params: api/reports/stock-levels
[23-May-2026 07:08:26 UTC] Method: GET, URI: /api/reports/low-stock, Params: api/reports/low-stock
[23-May-2026 07:08:26 UTC] Method: GET, URI: /api/products, Params: api/products
[23-May-2026 07:08:26 UTC] Method: GET, URI: /api/reports/stock-levels, Params: api/reports/stock-levels
[23-May-2026 07:08:31 UTC] Method: GET, URI: /api/products, Params: api/products
[23-May-2026 07:08:31 UTC] Method: GET, URI: /api/reports/low-stock, Params: api/reports/low-stock
[23-May-2026 07:08:31 UTC] Method: GET, URI: /api/reports/stock-levels, Params: api/reports/stock-levels
[23-May-2026 07:08:36 UTC] Method: GET, URI: /api/reports/stock-levels, Params: api/reports/stock-levels
[23-May-2026 07:08:36 UTC] Method: GET, URI: /api/products, Params: api/products
[23-May-2026 07:08:36 UTC] Method: GET, URI: /api/reports/low-stock, Params: api/reports/low-stock
[23-May-2026 07:08:42 UTC] Method: GET, URI: /api/reports/low-stock, Params: api/reports/low-stock
[23-May-2026 07:08:42 UTC] Method: GET, URI: /api/reports/stock-levels, Params: api/reports/stock-levels
[23-May-2026 07:08:42 UTC] Method: GET, URI: /api/products, Params: api/products
[23-May-2026 07:08:47 UTC] Method: GET, URI: /api/reports/stock-levels, Params: api/reports/stock-levels
[23-May-2026 07:08:47 UTC] Method: GET, URI: /api/reports/low-stock, Params: api/reports/low-stock
[23-May-2026 07:08:47 UTC] Method: GET, URI: /api/products, Params: api/products
[23-May-2026 07:08:52 UTC] Method: GET, URI: /api/products, Params: api/products
[23-May-2026 07:08:52 UTC] Method: GET, URI: /api/reports/stock-levels, Params: api/reports/stock-levels
[23-May-2026 07:08:52 UTC] Method: GET, URI: /api/reports/low-stock, Params: api/reports/low-stock
[23-May-2026 07:08:57 UTC] Method: GET, URI: /api/products, Params: api/products
[23-May-2026 07:08:57 UTC] Method: GET, URI: /api/reports/stock-levels, Params: api/reports/stock-levels
[23-May-2026 07:08:57 UTC] Method: GET, URI: /api/reports/low-stock, Params: api/reports/low-stock
[23-May-2026 07:09:02 UTC] Method: GET, URI: /api/reports/stock-levels, Params: api/reports/stock-levels
[23-May-2026 07:09:02 UTC] Method: GET, URI: /api/products, Params: api/products
[23-May-2026 07:09:02 UTC] Method: GET, URI: /api/reports/low-stock, Params: api/reports/low-stock
[23-May-2026 07:09:07 UTC] Method: GET, URI: /api/products, Params: api/products
[23-May-2026 07:09:07 UTC] Method: GET, URI: /api/reports/low-stock, Params: api/reports/low-stock
[23-May-2026 07:09:07 UTC] Method: GET, URI: /api/reports/stock-levels, Params: api/reports/stock-levels
[23-May-2026 07:09:12 UTC] Method: GET, URI: /api/products, Params: api/products
[23-May-2026 07:09:12 UTC] Method: GET, URI: /api/reports/stock-levels, Params: api/reports/stock-levels
[23-May-2026 07:09:12 UTC] Method: GET, URI: /api/reports/low-stock, Params: api/reports/low-stock
[23-May-2026 07:09:17 UTC] Method: GET, URI: /api/products, Params: api/products
[23-May-2026 07:09:17 UTC] Method: GET, URI: /api/reports/low-stock, Params: api/reports/low-stock
[23-May-2026 07:09:17 UTC] Method: GET, URI: /api/reports/stock-levels, Params: api/reports/stock-levels
[23-May-2026 07:09:22 UTC] Method: GET, URI: /api/reports/low-stock, Params: api/reports/low-stock
[23-May-2026 07:09:22 UTC] Method: GET, URI: /api/reports/stock-levels, Params: api/reports/stock-levels
[23-May-2026 07:09:22 UTC] Method: GET, URI: /api/products, Params: api/products
[23-May-2026 07:09:27 UTC] Method: GET, URI: /api/products, Params: api/products
[23-May-2026 07:09:27 UTC] Method: GET, URI: /api/reports/low-stock, Params: api/reports/low-stock
[23-May-2026 07:09:27 UTC] Method: GET, URI: /api/reports/stock-levels, Params: api/reports/stock-levels
[23-May-2026 07:09:32 UTC] Method: GET, URI: /api/reports/stock-levels, Params: api/reports/stock-levels
[23-May-2026 07:09:32 UTC] Method: GET, URI: /api/products, Params: api/products
[23-May-2026 07:09:32 UTC] Method: GET, URI: /api/reports/low-stock, Params: api/reports/low-stock
[23-May-2026 07:09:37 UTC] Method: GET, URI: /api/products, Params: api/products
[23-May-2026 07:09:37 UTC] Method: GET, URI: /api/reports/stock-levels, Params: api/reports/stock-levels
[23-May-2026 07:09:37 UTC] Method: GET, URI: /api/reports/low-stock, Params: api/reports/low-stock
[23-May-2026 07:09:43 UTC] Method: GET, URI: /api/products, Params: api/products
[23-May-2026 07:09:43 UTC] Method: GET, URI: /api/reports/low-stock, Params: api/reports/low-stock
[23-May-2026 07:09:43 UTC] Method: GET, URI: /api/reports/stock-levels, Params: api/reports/stock-levels
[23-May-2026 07:09:49 UTC] Method: GET, URI: /api/products, Params: api/products
[23-May-2026 07:09:49 UTC] Method: GET, URI: /api/reports/low-stock, Params: api/reports/low-stock
[23-May-2026 07:09:49 UTC] Method: GET, URI: /api/reports/stock-levels, Params: api/reports/stock-levels
[23-May-2026 07:09:54 UTC] Method: GET, URI: /api/reports/stock-levels, Params: api/reports/stock-levels
[23-May-2026 07:09:54 UTC] Method: GET, URI: /api/products, Params: api/products
[23-May-2026 07:09:54 UTC] Method: GET, URI: /api/reports/low-stock, Params: api/reports/low-stock
[23-May-2026 07:09:55 UTC] Method: GET, URI: /api/reports/low-stock, Params: api/reports/low-stock
[23-May-2026 07:09:55 UTC] Method: GET, URI: /api/products, Params: api/products
[23-May-2026 07:09:55 UTC] Method: GET, URI: /api/reports/stock-levels, Params: api/reports/stock-levels
[23-May-2026 07:10:01 UTC] Method: GET, URI: /api/products, Params: api/products
[23-May-2026 07:10:01 UTC] Method: GET, URI: /api/reports/low-stock, Params: api/reports/low-stock
[23-May-2026 07:10:01 UTC] Method: GET, URI: /api/reports/stock-levels, Params: api/reports/stock-levels
[23-May-2026 07:10:06 UTC] Method: GET, URI: /api/reports/stock-levels, Params: api/reports/stock-levels
[23-May-2026 07:10:06 UTC] Method: GET, URI: /api/reports/low-stock, Params: api/reports/low-stock
[23-May-2026 07:10:06 UTC] Method: GET, URI: /api/products, Params: api/products
[23-May-2026 07:10:11 UTC] Method: GET, URI: /api/products, Params: api/products
[23-May-2026 07:10:11 UTC] Method: GET, URI: /api/reports/stock-levels, Params: api/reports/stock-levels
[23-May-2026 07:10:11 UTC] Method: GET, URI: /api/reports/low-stock, Params: api/reports/low-stock
[23-May-2026 07:10:16 UTC] Method: GET, URI: /api/products, Params: api/products
[23-May-2026 07:10:16 UTC] Method: GET, URI: /api/reports/low-stock, Params: api/reports/low-stock
[23-May-2026 07:10:16 UTC] Method: GET, URI: /api/reports/stock-levels, Params: api/reports/stock-levels
[23-May-2026 07:10:21 UTC] Method: GET, URI: /api/reports/low-stock, Params: api/reports/low-stock
[23-May-2026 07:10:21 UTC] Method: GET, URI: /api/products, Params: api/products
[23-May-2026 07:10:21 UTC] Method: GET, URI: /api/reports/stock-levels, Params: api/reports/stock-levels
[23-May-2026 07:11:23 UTC] Method: GET, URI: /api/reports/low-stock, Params: api/reports/low-stock
[23-May-2026 07:11:23 UTC] Method: GET, URI: /api/products, Params: api/products
[23-May-2026 07:11:23 UTC] Method: GET, URI: /api/reports/stock-levels, Params: api/reports/stock-levels
[23-May-2026 07:12:23 UTC] Method: GET, URI: /api/reports/stock-levels, Params: api/reports/stock-levels
[23-May-2026 07:12:23 UTC] Method: GET, URI: /api/products, Params: api/products
[23-May-2026 07:12:23 UTC] Method: GET, URI: /api/reports/low-stock, Params: api/reports/low-stock
[23-May-2026 07:12:44 UTC] Method: GET, URI: /api/products, Params: api/products
[23-May-2026 07:12:44 UTC] Method: GET, URI: /api/reports/stock-levels, Params: api/reports/stock-levels
[23-May-2026 07:12:44 UTC] Method: GET, URI: /api/reports/low-stock, Params: api/reports/low-stock
[23-May-2026 07:12:45 UTC] Method: GET, URI: /api/products, Params: api/products
[23-May-2026 07:12:45 UTC] Method: GET, URI: /api/reports/low-stock, Params: api/reports/low-stock
[23-May-2026 07:12:45 UTC] Method: GET, URI: /api/reports/stock-levels, Params: api/reports/stock-levels
[23-May-2026 07:12:50 UTC] Method: GET, URI: /api/products, Params: api/products
[23-May-2026 07:12:50 UTC] Method: GET, URI: /api/reports/low-stock, Params: api/reports/low-stock
[23-May-2026 07:12:50 UTC] Method: GET, URI: /api/reports/stock-levels, Params: api/reports/stock-levels
[23-May-2026 07:12:55 UTC] Method: GET, URI: /api/reports/low-stock, Params: api/reports/low-stock
[23-May-2026 07:12:55 UTC] Method: GET, URI: /api/reports/stock-levels, Params: api/reports/stock-levels
[23-May-2026 07:12:55 UTC] Method: GET, URI: /api/products, Params: api/products
[23-May-2026 07:13:00 UTC] Method: GET, URI: /api/products, Params: api/products
[23-May-2026 07:13:00 UTC] Method: GET, URI: /api/reports/low-stock, Params: api/reports/low-stock
[23-May-2026 07:13:00 UTC] Method: GET, URI: /api/reports/stock-levels, Params: api/reports/stock-levels
[23-May-2026 07:13:05 UTC] Method: GET, URI: /api/reports/low-stock, Params: api/reports/low-stock
[23-May-2026 07:13:05 UTC] Method: GET, URI: /api/reports/stock-levels, Params: api/reports/stock-levels
[23-May-2026 07:13:05 UTC] Method: GET, URI: /api/products, Params: api/products
[23-May-2026 07:13:10 UTC] Method: GET, URI: /api/products, Params: api/products
[23-May-2026 07:13:10 UTC] Method: GET, URI: /api/reports/stock-levels, Params: api/reports/stock-levels
[23-May-2026 07:13:10 UTC] Method: GET, URI: /api/reports/low-stock, Params: api/reports/low-stock
[23-May-2026 07:13:16 UTC] Method: GET, URI: /api/products, Params: api/products
[23-May-2026 07:13:16 UTC] Method: GET, URI: /api/reports/stock-levels, Params: api/reports/stock-levels
[23-May-2026 07:13:16 UTC] Method: GET, URI: /api/reports/low-stock, Params: api/reports/low-stock
[23-May-2026 07:13:21 UTC] Method: GET, URI: /api/products, Params: api/products
[23-May-2026 07:13:21 UTC] Method: GET, URI: /api/reports/low-stock, Params: api/reports/low-stock
[23-May-2026 07:13:21 UTC] Method: GET, URI: /api/reports/stock-levels, Params: api/reports/stock-levels
[23-May-2026 07:13:26 UTC] Method: GET, URI: /api/products, Params: api/products
[23-May-2026 07:13:26 UTC] Method: GET, URI: /api/reports/stock-levels, Params: api/reports/stock-levels
[23-May-2026 07:13:26 UTC] Method: GET, URI: /api/reports/low-stock, Params: api/reports/low-stock
[23-May-2026 07:13:31 UTC] Method: GET, URI: /api/products, Params: api/products
[23-May-2026 07:13:31 UTC] Method: GET, URI: /api/reports/low-stock, Params: api/reports/low-stock
[23-May-2026 07:13:31 UTC] Method: GET, URI: /api/reports/stock-levels, Params: api/reports/stock-levels
[23-May-2026 07:13:36 UTC] Method: GET, URI: /api/products, Params: api/products
[23-May-2026 07:13:36 UTC] Method: GET, URI: /api/reports/low-stock, Params: api/reports/low-stock
[23-May-2026 07:13:36 UTC] Method: GET, URI: /api/reports/stock-levels, Params: api/reports/stock-levels
[23-May-2026 07:13:41 UTC] Method: GET, URI: /api/products, Params: api/products
[23-May-2026 07:13:41 UTC] Method: GET, URI: /api/reports/stock-levels, Params: api/reports/stock-levels
[23-May-2026 07:13:41 UTC] Method: GET, URI: /api/reports/low-stock, Params: api/reports/low-stock
[23-May-2026 07:13:45 UTC] Method: GET, URI: /api/reports/stock-levels, Params: api/reports/stock-levels
[23-May-2026 07:13:45 UTC] Method: GET, URI: /api/reports/low-stock, Params: api/reports/low-stock
[23-May-2026 07:13:45 UTC] Method: GET, URI: /api/products, Params: api/products
[23-May-2026 07:13:50 UTC] Method: GET, URI: /api/products, Params: api/products
[23-May-2026 07:13:50 UTC] Method: GET, URI: /api/reports/stock-levels, Params: api/reports/stock-levels
[23-May-2026 07:13:50 UTC] Method: GET, URI: /api/reports/low-stock, Params: api/reports/low-stock
[23-May-2026 07:13:56 UTC] Method: GET, URI: /api/reports/stock-levels, Params: api/reports/stock-levels
[23-May-2026 07:13:56 UTC] Method: GET, URI: /api/products, Params: api/products
[23-May-2026 07:13:56 UTC] Method: GET, URI: /api/reports/low-stock, Params: api/reports/low-stock
[23-May-2026 07:13:56 UTC] Method: GET, URI: /api/reports/low-stock, Params: api/reports/low-stock
[23-May-2026 07:13:56 UTC] Method: GET, URI: /api/products, Params: api/products
[23-May-2026 07:13:56 UTC] Method: GET, URI: /api/reports/stock-levels, Params: api/reports/stock-levels
[23-May-2026 07:14:02 UTC] Method: GET, URI: /api/reports/low-stock, Params: api/reports/low-stock
[23-May-2026 07:14:02 UTC] Method: GET, URI: /api/products, Params: api/products
[23-May-2026 07:14:02 UTC] Method: GET, URI: /api/reports/stock-levels, Params: api/reports/stock-levels
[23-May-2026 07:14:03 UTC] Method: POST, URI: /api/auth/login, Params: api/auth/login
[23-May-2026 07:14:03 UTC] Method: GET, URI: /api/products, Params: api/products
[23-May-2026 07:14:03 UTC] Method: GET, URI: /api/reports/low-stock, Params: api/reports/low-stock
[23-May-2026 07:14:03 UTC] Method: GET, URI: /api/admin/suppliers, Params: api/admin/suppliers
[23-May-2026 07:14:04 UTC] Method: GET, URI: /api/reports/stock-levels, Params: api/reports/stock-levels
[23-May-2026 07:14:06 UTC] Method: GET, URI: /api/products, Params: api/products
[23-May-2026 07:14:06 UTC] Method: GET, URI: /api/reports/low-stock, Params: api/reports/low-stock
[23-May-2026 07:14:06 UTC] Method: GET, URI: /api/reports/stock-levels, Params: api/reports/stock-levels
[23-May-2026 07:14:07 UTC] Method: GET, URI: /api/products, Params: api/products
[23-May-2026 07:14:07 UTC] Method: GET, URI: /api/admin/suppliers, Params: api/admin/suppliers
[23-May-2026 07:14:07 UTC] Method: GET, URI: /api/reports/low-stock, Params: api/reports/low-stock
[23-May-2026 07:14:07 UTC] Method: GET, URI: /api/reports/stock-levels, Params: api/reports/stock-levels
[23-May-2026 07:14:07 UTC] Method: GET, URI: /api/products, Params: api/products
[23-May-2026 07:14:07 UTC] Method: GET, URI: /api/reports/low-stock, Params: api/reports/low-stock
[23-May-2026 07:14:07 UTC] Method: GET, URI: /api/reports/stock-levels, Params: api/reports/stock-levels
[23-May-2026 07:14:07 UTC] Method: GET, URI: /api/admin/suppliers, Params: api/admin/suppliers
[23-May-2026 07:14:08 UTC] Method: GET, URI: /api/admin/suppliers, Params: api/admin/suppliers
[23-May-2026 07:14:08 UTC] Method: GET, URI: /api/reports/low-stock, Params: api/reports/low-stock
[23-May-2026 07:14:08 UTC] Method: GET, URI: /api/products, Params: api/products
[23-May-2026 07:14:08 UTC] Method: GET, URI: /api/reports/stock-levels, Params: api/reports/stock-levels
[23-May-2026 07:14:12 UTC] Method: GET, URI: /api/reports/low-stock, Params: api/reports/low-stock
[23-May-2026 07:14:12 UTC] Method: GET, URI: /api/products, Params: api/products
[23-May-2026 07:14:12 UTC] Method: GET, URI: /api/reports/stock-levels, Params: api/reports/stock-levels
[23-May-2026 07:14:12 UTC] Method: GET, URI: /api/admin/suppliers, Params: api/admin/suppliers
[23-May-2026 07:14:14 UTC] Method: GET, URI: /api/admin/suppliers, Params: api/admin/suppliers
[23-May-2026 07:14:14 UTC] Method: GET, URI: /api/reports/low-stock, Params: api/reports/low-stock
[23-May-2026 07:14:14 UTC] Method: GET, URI: /api/reports/stock-levels, Params: api/reports/stock-levels
[23-May-2026 07:14:14 UTC] Method: GET, URI: /api/products, Params: api/products
[23-May-2026 07:14:15 UTC] Method: GET, URI: /api/admin/suppliers, Params: api/admin/suppliers
[23-May-2026 07:14:17 UTC] Method: GET, URI: /api/admin/suppliers, Params: api/admin/suppliers
[23-May-2026 07:14:18 UTC] Method: GET, URI: /api/reports/stock-levels, Params: api/reports/stock-levels
[23-May-2026 07:14:18 UTC] Method: GET, URI: /api/admin/suppliers, Params: api/admin/suppliers
[23-May-2026 07:14:18 UTC] Method: GET, URI: /api/products, Params: api/products
[23-May-2026 07:14:18 UTC] Method: GET, URI: /api/reports/low-stock, Params: api/reports/low-stock
[23-May-2026 07:14:23 UTC] Method: GET, URI: /api/admin/suppliers, Params: api/admin/suppliers
[23-May-2026 07:14:23 UTC] Method: GET, URI: /api/admin/suppliers, Params: api/admin/suppliers
[23-May-2026 07:14:23 UTC] Method: GET, URI: /api/reports/stock-levels, Params: api/reports/stock-levels
[23-May-2026 07:14:23 UTC] Method: GET, URI: /api/reports/low-stock, Params: api/reports/low-stock
[23-May-2026 07:14:23 UTC] Method: GET, URI: /api/products, Params: api/products
[23-May-2026 07:14:28 UTC] Method: GET, URI: /api/products, Params: api/products
[23-May-2026 07:14:28 UTC] Method: GET, URI: /api/reports/stock-levels, Params: api/reports/stock-levels
[23-May-2026 07:14:28 UTC] Method: GET, URI: /api/reports/low-stock, Params: api/reports/low-stock
[23-May-2026 07:14:28 UTC] Method: GET, URI: /api/admin/suppliers, Params: api/admin/suppliers
[23-May-2026 07:14:29 UTC] Method: GET, URI: /api/admin/suppliers, Params: api/admin/suppliers
[23-May-2026 07:14:30 UTC] Method: GET, URI: /api/admin/suppliers, Params: api/admin/suppliers
[23-May-2026 07:14:30 UTC] Method: GET, URI: /api/products, Params: api/products
[23-May-2026 07:14:31 UTC] Method: GET, URI: /api/admin/suppliers, Params: api/admin/suppliers
[23-May-2026 07:14:34 UTC] Method: GET, URI: /api/products, Params: api/products
[23-May-2026 07:14:34 UTC] Method: GET, URI: /api/reports/stock-levels, Params: api/reports/stock-levels
[23-May-2026 07:14:35 UTC] Method: GET, URI: /api/admin/suppliers, Params: api/admin/suppliers
[23-May-2026 07:14:39 UTC] Method: GET, URI: /api/reports/stock-levels, Params: api/reports/stock-levels
[23-May-2026 07:14:41 UTC] Method: GET, URI: /api/admin/suppliers, Params: api/admin/suppliers
[23-May-2026 07:14:42 UTC] Method: GET, URI: /api/reports/low-stock, Params: api/reports/low-stock
[23-May-2026 07:14:42 UTC] Method: GET, URI: /api/reports/stock-levels, Params: api/reports/stock-levels
[23-May-2026 07:14:47 UTC] Method: GET, URI: /api/reports/stock-levels, Params: api/reports/stock-levels
[23-May-2026 07:14:47 UTC] Method: GET, URI: /api/reports/low-stock, Params: api/reports/low-stock
[23-May-2026 07:14:47 UTC] Method: GET, URI: /api/admin/suppliers, Params: api/admin/suppliers
[23-May-2026 07:14:48 UTC] Method: GET, URI: /api/reports/low-stock, Params: api/reports/low-stock
[23-May-2026 07:14:48 UTC] Method: GET, URI: /api/reports/stock-levels, Params: api/reports/stock-levels
[23-May-2026 07:14:48 UTC] Method: GET, URI: /api/admin/suppliers, Params: api/admin/suppliers
[23-May-2026 07:14:49 UTC] Method: GET, URI: /api/users/profile, Params: api/users/profile
[23-May-2026 07:14:51 UTC] Method: GET, URI: /api/reports/stock-levels, Params: api/reports/stock-levels
[23-May-2026 07:14:51 UTC] Method: GET, URI: /api/reports/low-stock, Params: api/reports/low-stock
[23-May-2026 07:14:52 UTC] Method: GET, URI: /api/admin/suppliers, Params: api/admin/suppliers
[23-May-2026 07:14:53 UTC] Method: GET, URI: /api/products, Params: api/products
[23-May-2026 07:14:53 UTC] Method: GET, URI: /api/admin/suppliers, Params: api/admin/suppliers
[23-May-2026 07:14:54 UTC] Method: GET, URI: /api/products, Params: api/products
[23-May-2026 07:14:54 UTC] Method: GET, URI: /api/admin/suppliers, Params: api/admin/suppliers
[23-May-2026 07:14:54 UTC] Method: GET, URI: /api/reports/stock-levels, Params: api/reports/stock-levels
[23-May-2026 07:14:54 UTC] Method: GET, URI: /api/reports/low-stock, Params: api/reports/low-stock
[23-May-2026 07:14:55 UTC] Method: GET, URI: /api/admin/suppliers, Params: api/admin/suppliers
[23-May-2026 07:14:59 UTC] Method: GET, URI: /api/reports/stock-levels, Params: api/reports/stock-levels
[23-May-2026 07:14:59 UTC] Method: GET, URI: /api/reports/low-stock, Params: api/reports/low-stock
[23-May-2026 07:14:59 UTC] Method: GET, URI: /api/products, Params: api/products
[23-May-2026 07:14:59 UTC] Method: GET, URI: /api/admin/suppliers, Params: api/admin/suppliers
[23-May-2026 07:15:01 UTC] Method: GET, URI: /api/admin/suppliers, Params: api/admin/suppliers
[23-May-2026 07:15:04 UTC] Method: GET, URI: /api/products, Params: api/products
[23-May-2026 07:15:04 UTC] Method: GET, URI: /api/admin/suppliers, Params: api/admin/suppliers
[23-May-2026 07:15:04 UTC] Method: GET, URI: /api/reports/low-stock, Params: api/reports/low-stock
[23-May-2026 07:15:04 UTC] Method: GET, URI: /api/reports/stock-levels, Params: api/reports/stock-levels
[23-May-2026 07:15:07 UTC] Method: GET, URI: /api/admin/suppliers, Params: api/admin/suppliers
[23-May-2026 07:15:09 UTC] Method: GET, URI: /api/reports/low-stock, Params: api/reports/low-stock
[23-May-2026 07:15:09 UTC] Method: GET, URI: /api/admin/suppliers, Params: api/admin/suppliers
[23-May-2026 07:15:09 UTC] Method: GET, URI: /api/reports/stock-levels, Params: api/reports/stock-levels
[23-May-2026 07:15:09 UTC] Method: GET, URI: /api/products, Params: api/products
[23-May-2026 07:15:13 UTC] Method: GET, URI: /api/admin/suppliers, Params: api/admin/suppliers
[23-May-2026 07:15:14 UTC] Method: GET, URI: /api/products, Params: api/products
[23-May-2026 07:15:14 UTC] Method: GET, URI: /api/admin/suppliers, Params: api/admin/suppliers
[23-May-2026 07:15:14 UTC] Method: GET, URI: /api/reports/stock-levels, Params: api/reports/stock-levels
[23-May-2026 07:15:14 UTC] Method: GET, URI: /api/reports/low-stock, Params: api/reports/low-stock
[23-May-2026 07:15:19 UTC] Method: GET, URI: /api/reports/low-stock, Params: api/reports/low-stock
[23-May-2026 07:15:19 UTC] Method: GET, URI: /api/reports/stock-levels, Params: api/reports/stock-levels
[23-May-2026 07:15:19 UTC] Method: GET, URI: /api/products, Params: api/products
[23-May-2026 07:15:19 UTC] Method: GET, URI: /api/admin/suppliers, Params: api/admin/suppliers
[23-May-2026 07:15:19 UTC] Method: GET, URI: /api/admin/suppliers, Params: api/admin/suppliers
[23-May-2026 07:15:24 UTC] Method: GET, URI: /api/products, Params: api/products
[23-May-2026 07:15:24 UTC] Method: GET, URI: /api/admin/suppliers, Params: api/admin/suppliers
[23-May-2026 07:15:24 UTC] Method: GET, URI: /api/reports/low-stock, Params: api/reports/low-stock
[23-May-2026 07:15:24 UTC] Method: GET, URI: /api/reports/stock-levels, Params: api/reports/stock-levels
[23-May-2026 07:15:25 UTC] Method: GET, URI: /api/admin/suppliers, Params: api/admin/suppliers
[23-May-2026 07:15:29 UTC] Method: GET, URI: /api/reports/low-stock, Params: api/reports/low-stock
[23-May-2026 07:15:29 UTC] Method: GET, URI: /api/products, Params: api/products
[23-May-2026 07:15:29 UTC] Method: GET, URI: /api/admin/suppliers, Params: api/admin/suppliers
[23-May-2026 07:15:29 UTC] Method: GET, URI: /api/reports/stock-levels, Params: api/reports/stock-levels
[23-May-2026 07:15:34 UTC] Method: GET, URI: /api/products, Params: api/products
[23-May-2026 07:15:34 UTC] Method: GET, URI: /api/reports/low-stock, Params: api/reports/low-stock
[23-May-2026 07:15:34 UTC] Method: GET, URI: /api/reports/stock-levels, Params: api/reports/stock-levels
[23-May-2026 07:15:34 UTC] Method: GET, URI: /api/admin/suppliers, Params: api/admin/suppliers
[23-May-2026 07:15:39 UTC] Method: GET, URI: /api/admin/suppliers, Params: api/admin/suppliers
[23-May-2026 07:15:39 UTC] Method: GET, URI: /api/reports/low-stock, Params: api/reports/low-stock
[23-May-2026 07:15:39 UTC] Method: GET, URI: /api/reports/stock-levels, Params: api/reports/stock-levels
[23-May-2026 07:15:39 UTC] Method: GET, URI: /api/products, Params: api/products
[23-May-2026 07:15:44 UTC] Method: GET, URI: /api/products, Params: api/products
[23-May-2026 07:15:44 UTC] Method: GET, URI: /api/reports/low-stock, Params: api/reports/low-stock
[23-May-2026 07:15:44 UTC] Method: GET, URI: /api/reports/stock-levels, Params: api/reports/stock-levels
[23-May-2026 07:15:44 UTC] Method: GET, URI: /api/admin/suppliers, Params: api/admin/suppliers
[23-May-2026 07:15:49 UTC] Method: GET, URI: /api/products, Params: api/products
[23-May-2026 07:15:49 UTC] Method: GET, URI: /api/reports/low-stock, Params: api/reports/low-stock
[23-May-2026 07:15:49 UTC] Method: GET, URI: /api/admin/suppliers, Params: api/admin/suppliers
[23-May-2026 07:15:49 UTC] Method: GET, URI: /api/reports/stock-levels, Params: api/reports/stock-levels
[23-May-2026 07:15:54 UTC] Method: GET, URI: /api/products, Params: api/products
[23-May-2026 07:15:54 UTC] Method: GET, URI: /api/admin/suppliers, Params: api/admin/suppliers
[23-May-2026 07:15:54 UTC] Method: GET, URI: /api/reports/low-stock, Params: api/reports/low-stock
[23-May-2026 07:15:54 UTC] Method: GET, URI: /api/reports/stock-levels, Params: api/reports/stock-levels
[23-May-2026 07:15:59 UTC] Method: GET, URI: /api/reports/low-stock, Params: api/reports/low-stock
[23-May-2026 07:15:59 UTC] Method: GET, URI: /api/products, Params: api/products
[23-May-2026 07:15:59 UTC] Method: GET, URI: /api/reports/stock-levels, Params: api/reports/stock-levels
[23-May-2026 07:15:59 UTC] Method: GET, URI: /api/admin/suppliers, Params: api/admin/suppliers
[23-May-2026 07:16:04 UTC] Method: GET, URI: /api/products, Params: api/products
[23-May-2026 07:16:04 UTC] Method: GET, URI: /api/reports/low-stock, Params: api/reports/low-stock
[23-May-2026 07:16:04 UTC] Method: GET, URI: /api/admin/suppliers, Params: api/admin/suppliers
[23-May-2026 07:16:04 UTC] Method: GET, URI: /api/reports/stock-levels, Params: api/reports/stock-levels
[23-May-2026 07:16:09 UTC] Method: GET, URI: /api/reports/low-stock, Params: api/reports/low-stock
[23-May-2026 07:16:09 UTC] Method: GET, URI: /api/reports/stock-levels, Params: api/reports/stock-levels
[23-May-2026 07:16:09 UTC] Method: GET, URI: /api/admin/suppliers, Params: api/admin/suppliers
[23-May-2026 07:16:09 UTC] Method: GET, URI: /api/products, Params: api/products
[23-May-2026 07:16:14 UTC] Method: GET, URI: /api/reports/stock-levels, Params: api/reports/stock-levels
[23-May-2026 07:16:14 UTC] Method: GET, URI: /api/products, Params: api/products
[23-May-2026 07:16:14 UTC] Method: GET, URI: /api/admin/suppliers, Params: api/admin/suppliers
[23-May-2026 07:16:14 UTC] Method: GET, URI: /api/reports/low-stock, Params: api/reports/low-stock
[23-May-2026 07:16:19 UTC] Method: GET, URI: /api/products, Params: api/products
[23-May-2026 07:16:19 UTC] Method: GET, URI: /api/admin/suppliers, Params: api/admin/suppliers
[23-May-2026 07:16:19 UTC] Method: GET, URI: /api/reports/stock-levels, Params: api/reports/stock-levels
[23-May-2026 07:16:19 UTC] Method: GET, URI: /api/reports/low-stock, Params: api/reports/low-stock
[23-May-2026 07:16:23 UTC] Method: GET, URI: /api/admin/suppliers, Params: api/admin/suppliers
[23-May-2026 07:16:24 UTC] Method: GET, URI: /api/products, Params: api/products
[23-May-2026 07:16:24 UTC] Method: GET, URI: /api/reports/low-stock, Params: api/reports/low-stock
[23-May-2026 07:16:24 UTC] Method: GET, URI: /api/reports/stock-levels, Params: api/reports/stock-levels
[23-May-2026 07:16:24 UTC] Method: GET, URI: /api/admin/suppliers, Params: api/admin/suppliers
[23-May-2026 07:16:29 UTC] Method: GET, URI: /api/products, Params: api/products
[23-May-2026 07:16:29 UTC] Method: GET, URI: /api/reports/stock-levels, Params: api/reports/stock-levels
[23-May-2026 07:16:29 UTC] Method: GET, URI: /api/admin/suppliers, Params: api/admin/suppliers
[23-May-2026 07:16:29 UTC] Method: GET, URI: /api/reports/low-stock, Params: api/reports/low-stock
[23-May-2026 07:16:34 UTC] Method: GET, URI: /api/reports/low-stock, Params: api/reports/low-stock
[23-May-2026 07:16:34 UTC] Method: GET, URI: /api/admin/suppliers, Params: api/admin/suppliers
[23-May-2026 07:16:34 UTC] Method: GET, URI: /api/products, Params: api/products
[23-May-2026 07:16:34 UTC] Method: GET, URI: /api/reports/stock-levels, Params: api/reports/stock-levels
[23-May-2026 07:16:39 UTC] Method: GET, URI: /api/products, Params: api/products
[23-May-2026 07:16:39 UTC] Method: GET, URI: /api/reports/stock-levels, Params: api/reports/stock-levels
[23-May-2026 07:16:39 UTC] Method: GET, URI: /api/reports/low-stock, Params: api/reports/low-stock
[23-May-2026 07:16:39 UTC] Method: GET, URI: /api/admin/suppliers, Params: api/admin/suppliers
[23-May-2026 07:16:44 UTC] Method: GET, URI: /api/products, Params: api/products
[23-May-2026 07:16:44 UTC] Method: GET, URI: /api/admin/suppliers, Params: api/admin/suppliers
[23-May-2026 07:16:44 UTC] Method: GET, URI: /api/reports/stock-levels, Params: api/reports/stock-levels
[23-May-2026 07:16:44 UTC] Method: GET, URI: /api/reports/low-stock, Params: api/reports/low-stock
[23-May-2026 07:16:49 UTC] Method: GET, URI: /api/admin/suppliers, Params: api/admin/suppliers
[23-May-2026 07:16:49 UTC] Method: GET, URI: /api/reports/stock-levels, Params: api/reports/stock-levels
[23-May-2026 07:16:49 UTC] Method: GET, URI: /api/reports/low-stock, Params: api/reports/low-stock
[23-May-2026 07:16:49 UTC] Method: GET, URI: /api/products, Params: api/products
[23-May-2026 07:16:54 UTC] Method: GET, URI: /api/products, Params: api/products
[23-May-2026 07:16:54 UTC] Method: GET, URI: /api/reports/low-stock, Params: api/reports/low-stock
[23-May-2026 07:16:54 UTC] Method: GET, URI: /api/reports/stock-levels, Params: api/reports/stock-levels
[23-May-2026 07:16:54 UTC] Method: GET, URI: /api/admin/suppliers, Params: api/admin/suppliers
[23-May-2026 07:16:59 UTC] Method: GET, URI: /api/reports/stock-levels, Params: api/reports/stock-levels
[23-May-2026 07:16:59 UTC] Method: GET, URI: /api/reports/low-stock, Params: api/reports/low-stock
[23-May-2026 07:16:59 UTC] Method: GET, URI: /api/admin/suppliers, Params: api/admin/suppliers
[23-May-2026 07:16:59 UTC] Method: GET, URI: /api/products, Params: api/products
[23-May-2026 07:17:04 UTC] Method: GET, URI: /api/products, Params: api/products
[23-May-2026 07:17:04 UTC] Method: GET, URI: /api/admin/suppliers, Params: api/admin/suppliers
[23-May-2026 07:17:04 UTC] Method: GET, URI: /api/reports/low-stock, Params: api/reports/low-stock
[23-May-2026 07:17:04 UTC] Method: GET, URI: /api/reports/stock-levels, Params: api/reports/stock-levels
[23-May-2026 07:17:09 UTC] Method: GET, URI: /api/reports/low-stock, Params: api/reports/low-stock
[23-May-2026 07:17:09 UTC] Method: GET, URI: /api/admin/suppliers, Params: api/admin/suppliers
[23-May-2026 07:17:09 UTC] Method: GET, URI: /api/products, Params: api/products
[23-May-2026 07:17:09 UTC] Method: GET, URI: /api/reports/stock-levels, Params: api/reports/stock-levels
[23-May-2026 07:17:14 UTC] Method: GET, URI: /api/products, Params: api/products
[23-May-2026 07:17:14 UTC] Method: GET, URI: /api/reports/stock-levels, Params: api/reports/stock-levels
[23-May-2026 07:17:14 UTC] Method: GET, URI: /api/reports/low-stock, Params: api/reports/low-stock
[23-May-2026 07:17:14 UTC] Method: GET, URI: /api/admin/suppliers, Params: api/admin/suppliers
[23-May-2026 07:17:19 UTC] Method: GET, URI: /api/reports/stock-levels, Params: api/reports/stock-levels
[23-May-2026 07:17:19 UTC] Method: GET, URI: /api/admin/suppliers, Params: api/admin/suppliers
[23-May-2026 07:17:19 UTC] Method: GET, URI: /api/reports/low-stock, Params: api/reports/low-stock
[23-May-2026 07:17:19 UTC] Method: GET, URI: /api/products, Params: api/products
[23-May-2026 07:17:23 UTC] Method: GET, URI: /api/admin/suppliers, Params: api/admin/suppliers
[23-May-2026 07:17:24 UTC] Method: GET, URI: /api/admin/suppliers, Params: api/admin/suppliers
[23-May-2026 07:17:24 UTC] Method: GET, URI: /api/products, Params: api/products
[23-May-2026 07:17:24 UTC] Method: GET, URI: /api/reports/low-stock, Params: api/reports/low-stock
[23-May-2026 07:17:24 UTC] Method: GET, URI: /api/reports/stock-levels, Params: api/reports/stock-levels
[23-May-2026 07:17:29 UTC] Method: GET, URI: /api/products, Params: api/products
[23-May-2026 07:17:29 UTC] Method: GET, URI: /api/reports/low-stock, Params: api/reports/low-stock
[23-May-2026 07:17:29 UTC] Method: GET, URI: /api/reports/stock-levels, Params: api/reports/stock-levels
[23-May-2026 07:17:29 UTC] Method: GET, URI: /api/admin/suppliers, Params: api/admin/suppliers
[23-May-2026 07:17:34 UTC] Method: GET, URI: /api/reports/low-stock, Params: api/reports/low-stock
[23-May-2026 07:17:34 UTC] Method: GET, URI: /api/reports/stock-levels, Params: api/reports/stock-levels
[23-May-2026 07:17:34 UTC] Method: GET, URI: /api/admin/suppliers, Params: api/admin/suppliers
[23-May-2026 07:17:34 UTC] Method: GET, URI: /api/products, Params: api/products
[23-May-2026 07:17:39 UTC] Method: GET, URI: /api/products, Params: api/products
[23-May-2026 07:17:39 UTC] Method: GET, URI: /api/reports/low-stock, Params: api/reports/low-stock
[23-May-2026 07:17:39 UTC] Method: GET, URI: /api/reports/stock-levels, Params: api/reports/stock-levels
[23-May-2026 07:17:39 UTC] Method: GET, URI: /api/admin/suppliers, Params: api/admin/suppliers
[23-May-2026 07:17:44 UTC] Method: GET, URI: /api/admin/suppliers, Params: api/admin/suppliers
[23-May-2026 07:17:44 UTC] Method: GET, URI: /api/reports/stock-levels, Params: api/reports/stock-levels
[23-May-2026 07:17:44 UTC] Method: GET, URI: /api/products, Params: api/products
[23-May-2026 07:17:44 UTC] Method: GET, URI: /api/reports/low-stock, Params: api/reports/low-stock
[23-May-2026 07:17:49 UTC] Method: GET, URI: /api/products, Params: api/products
[23-May-2026 07:17:49 UTC] Method: GET, URI: /api/reports/stock-levels, Params: api/reports/stock-levels
[23-May-2026 07:17:49 UTC] Method: GET, URI: /api/reports/low-stock, Params: api/reports/low-stock
[23-May-2026 07:17:49 UTC] Method: GET, URI: /api/admin/suppliers, Params: api/admin/suppliers
[23-May-2026 07:17:53 UTC] Method: GET, URI: /api/admin/suppliers, Params: api/admin/suppliers
[23-May-2026 07:17:53 UTC] Method: GET, URI: /api/products, Params: api/products
[23-May-2026 07:17:54 UTC] Method: GET, URI: /api/admin/suppliers, Params: api/admin/suppliers
[23-May-2026 07:17:55 UTC] Method: GET, URI: /api/products, Params: api/products
[23-May-2026 07:17:55 UTC] Method: GET, URI: /api/reports/stock-levels, Params: api/reports/stock-levels
[23-May-2026 07:17:56 UTC] Method: GET, URI: /api/reports/stock-levels, Params: api/reports/stock-levels
[23-May-2026 07:17:56 UTC] Method: GET, URI: /api/reports/low-stock, Params: api/reports/low-stock
[23-May-2026 07:17:57 UTC] Method: GET, URI: /api/users/profile, Params: api/users/profile
[23-May-2026 07:18:04 UTC] Method: GET, URI: /api/reports/low-stock, Params: api/reports/low-stock
[23-May-2026 07:18:04 UTC] Method: GET, URI: /api/products, Params: api/products
[23-May-2026 07:18:04 UTC] Method: GET, URI: /api/reports/stock-levels, Params: api/reports/stock-levels
[23-May-2026 07:18:04 UTC] Method: GET, URI: /api/admin/suppliers, Params: api/admin/suppliers
[23-May-2026 07:18:06 UTC] Method: GET, URI: /api/admin/suppliers, Params: api/admin/suppliers
[23-May-2026 07:18:08 UTC] Method: GET, URI: /api/reports/stock-levels, Params: api/reports/stock-levels
[23-May-2026 07:18:08 UTC] Method: GET, URI: /api/reports/low-stock, Params: api/reports/low-stock
[23-May-2026 07:18:08 UTC] Method: GET, URI: /api/products, Params: api/products
[23-May-2026 07:18:08 UTC] Method: GET, URI: /api/admin/suppliers, Params: api/admin/suppliers
[23-May-2026 07:18:12 UTC] Method: GET, URI: /api/admin/suppliers, Params: api/admin/suppliers
[23-May-2026 07:18:13 UTC] Method: GET, URI: /api/admin/suppliers, Params: api/admin/suppliers
[23-May-2026 07:18:13 UTC] Method: GET, URI: /api/products, Params: api/products
[23-May-2026 07:18:13 UTC] Method: GET, URI: /api/reports/low-stock, Params: api/reports/low-stock
[23-May-2026 07:18:13 UTC] Method: GET, URI: /api/reports/stock-levels, Params: api/reports/stock-levels
[23-May-2026 07:18:18 UTC] Method: GET, URI: /api/products, Params: api/products
[23-May-2026 07:18:18 UTC] Method: GET, URI: /api/reports/low-stock, Params: api/reports/low-stock
[23-May-2026 07:18:18 UTC] Method: GET, URI: /api/reports/stock-levels, Params: api/reports/stock-levels
[23-May-2026 07:18:18 UTC] Method: GET, URI: /api/admin/suppliers, Params: api/admin/suppliers
[23-May-2026 07:18:18 UTC] Method: GET, URI: /api/admin/suppliers, Params: api/admin/suppliers
[23-May-2026 07:18:23 UTC] Method: GET, URI: /api/admin/suppliers, Params: api/admin/suppliers
[23-May-2026 07:18:23 UTC] Method: GET, URI: /api/products, Params: api/products
[23-May-2026 07:18:23 UTC] Method: GET, URI: /api/reports/stock-levels, Params: api/reports/stock-levels
[23-May-2026 07:18:23 UTC] Method: GET, URI: /api/reports/low-stock, Params: api/reports/low-stock
[23-May-2026 07:18:25 UTC] Method: GET, URI: /api/admin/suppliers, Params: api/admin/suppliers
[23-May-2026 07:18:28 UTC] Method: GET, URI: /api/products, Params: api/products
[23-May-2026 07:18:28 UTC] Method: GET, URI: /api/reports/low-stock, Params: api/reports/low-stock
[23-May-2026 07:18:28 UTC] Method: GET, URI: /api/admin/suppliers, Params: api/admin/suppliers
[23-May-2026 07:18:28 UTC] Method: GET, URI: /api/reports/stock-levels, Params: api/reports/stock-levels
[23-May-2026 07:18:30 UTC] Method: GET, URI: /api/admin/suppliers, Params: api/admin/suppliers
[23-May-2026 07:18:33 UTC] Method: GET, URI: /api/products, Params: api/products
[23-May-2026 07:18:33 UTC] Method: GET, URI: /api/reports/stock-levels, Params: api/reports/stock-levels
[23-May-2026 07:18:33 UTC] Method: GET, URI: /api/reports/low-stock, Params: api/reports/low-stock
[23-May-2026 07:18:33 UTC] Method: GET, URI: /api/admin/suppliers, Params: api/admin/suppliers
[23-May-2026 07:18:36 UTC] Method: GET, URI: /api/admin/suppliers, Params: api/admin/suppliers
[23-May-2026 07:18:38 UTC] Method: GET, URI: /api/products, Params: api/products
[23-May-2026 07:18:38 UTC] Method: GET, URI: /api/reports/stock-levels, Params: api/reports/stock-levels
[23-May-2026 07:18:38 UTC] Method: GET, URI: /api/reports/low-stock, Params: api/reports/low-stock
[23-May-2026 07:18:38 UTC] Method: GET, URI: /api/admin/suppliers, Params: api/admin/suppliers
[23-May-2026 07:18:42 UTC] Method: GET, URI: /api/admin/suppliers, Params: api/admin/suppliers
[23-May-2026 07:18:43 UTC] Method: GET, URI: /api/admin/suppliers, Params: api/admin/suppliers
[23-May-2026 07:18:43 UTC] Method: GET, URI: /api/reports/low-stock, Params: api/reports/low-stock
[23-May-2026 07:18:43 UTC] Method: GET, URI: /api/products, Params: api/products
[23-May-2026 07:18:43 UTC] Method: GET, URI: /api/reports/stock-levels, Params: api/reports/stock-levels
[23-May-2026 07:18:48 UTC] Method: GET, URI: /api/reports/low-stock, Params: api/reports/low-stock
[23-May-2026 07:18:48 UTC] Method: GET, URI: /api/products, Params: api/products
[23-May-2026 07:18:48 UTC] Method: GET, URI: /api/admin/suppliers, Params: api/admin/suppliers
[23-May-2026 07:18:48 UTC] Method: GET, URI: /api/reports/stock-levels, Params: api/reports/stock-levels
[23-May-2026 07:18:48 UTC] Method: GET, URI: /api/admin/suppliers, Params: api/admin/suppliers
[23-May-2026 07:18:51 UTC] Method: GET, URI: /api/reports/low-stock, Params: api/reports/low-stock
[23-May-2026 07:18:51 UTC] Method: GET, URI: /api/reports/stock-levels, Params: api/reports/stock-levels
[23-May-2026 07:18:52 UTC] Method: GET, URI: /api/reports/stock-levels, Params: api/reports/stock-levels
[23-May-2026 07:18:52 UTC] Method: GET, URI: /api/admin/suppliers, Params: api/admin/suppliers
[23-May-2026 07:18:52 UTC] Method: GET, URI: /api/reports/low-stock, Params: api/reports/low-stock
[23-May-2026 07:18:52 UTC] Method: GET, URI: /api/products, Params: api/products
[23-May-2026 07:18:57 UTC] Method: GET, URI: /api/reports/stock-levels, Params: api/reports/stock-levels
[23-May-2026 07:18:57 UTC] Method: GET, URI: /api/reports/low-stock, Params: api/reports/low-stock
[23-May-2026 07:18:57 UTC] Method: GET, URI: /api/reports/stock-levels, Params: api/reports/stock-levels
[23-May-2026 07:18:57 UTC] Method: GET, URI: /api/reports/low-stock, Params: api/reports/low-stock
[23-May-2026 07:19:02 UTC] Method: GET, URI: /api/reports/low-stock, Params: api/reports/low-stock
[23-May-2026 07:19:02 UTC] Method: GET, URI: /api/reports/stock-levels, Params: api/reports/stock-levels
[23-May-2026 07:19:02 UTC] Method: GET, URI: /api/reports/low-stock, Params: api/reports/low-stock
[23-May-2026 07:19:02 UTC] Method: GET, URI: /api/reports/stock-levels, Params: api/reports/stock-levels
[23-May-2026 07:19:07 UTC] Method: GET, URI: /api/reports/stock-levels, Params: api/reports/stock-levels
[23-May-2026 07:19:07 UTC] Method: GET, URI: /api/reports/low-stock, Params: api/reports/low-stock
[23-May-2026 07:19:07 UTC] Method: GET, URI: /api/reports/stock-levels, Params: api/reports/stock-levels
[23-May-2026 07:19:07 UTC] Method: GET, URI: /api/reports/low-stock, Params: api/reports/low-stock
[23-May-2026 07:19:08 UTC] Method: GET, URI: /api/users/profile, Params: api/users/profile
[23-May-2026 07:19:12 UTC] Method: GET, URI: /api/reports/stock-levels, Params: api/reports/stock-levels
[23-May-2026 07:19:12 UTC] Method: GET, URI: /api/reports/low-stock, Params: api/reports/low-stock
[23-May-2026 07:19:17 UTC] Method: GET, URI: /api/reports/stock-levels, Params: api/reports/stock-levels
[23-May-2026 07:19:17 UTC] Method: GET, URI: /api/reports/low-stock, Params: api/reports/low-stock
[23-May-2026 07:19:22 UTC] Method: GET, URI: /api/reports/low-stock, Params: api/reports/low-stock
[23-May-2026 07:19:22 UTC] Method: GET, URI: /api/reports/stock-levels, Params: api/reports/stock-levels
[23-May-2026 07:19:27 UTC] Method: GET, URI: /api/reports/stock-levels, Params: api/reports/stock-levels
[23-May-2026 07:19:27 UTC] Method: GET, URI: /api/reports/low-stock, Params: api/reports/low-stock
[23-May-2026 07:19:32 UTC] Method: GET, URI: /api/reports/low-stock, Params: api/reports/low-stock
[23-May-2026 07:19:32 UTC] Method: GET, URI: /api/reports/stock-levels, Params: api/reports/stock-levels
[23-May-2026 07:19:37 UTC] Method: GET, URI: /api/reports/low-stock, Params: api/reports/low-stock
[23-May-2026 07:19:37 UTC] Method: GET, URI: /api/reports/stock-levels, Params: api/reports/stock-levels
[23-May-2026 07:19:42 UTC] Method: GET, URI: /api/reports/stock-levels, Params: api/reports/stock-levels
[23-May-2026 07:19:42 UTC] Method: GET, URI: /api/reports/low-stock, Params: api/reports/low-stock
[23-May-2026 07:19:47 UTC] Method: GET, URI: /api/reports/low-stock, Params: api/reports/low-stock
[23-May-2026 07:19:47 UTC] Method: GET, URI: /api/reports/stock-levels, Params: api/reports/stock-levels
[23-May-2026 07:19:52 UTC] Method: GET, URI: /api/reports/low-stock, Params: api/reports/low-stock
[23-May-2026 07:19:52 UTC] Method: GET, URI: /api/reports/stock-levels, Params: api/reports/stock-levels
[23-May-2026 07:20:05 UTC] Method: PUT, URI: /api/users/profile, Params: api/users/profile
[23-May-2026 07:20:08 UTC] Method: GET, URI: /api/reports/low-stock, Params: api/reports/low-stock
[23-May-2026 07:20:08 UTC] Method: GET, URI: /api/reports/stock-levels, Params: api/reports/stock-levels
[23-May-2026 07:20:09 UTC] Method: GET, URI: /api/products, Params: api/products
[23-May-2026 07:20:09 UTC] Method: GET, URI: /api/reports/low-stock, Params: api/reports/low-stock
[23-May-2026 07:20:09 UTC] Method: GET, URI: /api/reports/stock-levels, Params: api/reports/stock-levels
[23-May-2026 07:20:09 UTC] Method: GET, URI: /api/admin/suppliers, Params: api/admin/suppliers
[23-May-2026 07:20:12 UTC] Method: GET, URI: /api/reports/stock-levels, Params: api/reports/stock-levels
[23-May-2026 07:20:12 UTC] Method: GET, URI: /api/reports/low-stock, Params: api/reports/low-stock
[23-May-2026 07:20:12 UTC] Method: GET, URI: /api/products, Params: api/products
[23-May-2026 07:20:12 UTC] Method: GET, URI: /api/admin/suppliers, Params: api/admin/suppliers
[23-May-2026 07:20:14 UTC] Method: GET, URI: /api/admin/suppliers, Params: api/admin/suppliers
[23-May-2026 07:20:14 UTC] Method: GET, URI: /api/products, Params: api/products
[23-May-2026 07:20:14 UTC] Method: GET, URI: /api/reports/low-stock, Params: api/reports/low-stock
[23-May-2026 07:20:14 UTC] Method: GET, URI: /api/reports/stock-levels, Params: api/reports/stock-levels
[23-May-2026 07:20:18 UTC] Method: GET, URI: /api/products, Params: api/products
[23-May-2026 07:20:18 UTC] Method: GET, URI: /api/reports/low-stock, Params: api/reports/low-stock
[23-May-2026 07:20:18 UTC] Method: GET, URI: /api/reports/stock-levels, Params: api/reports/stock-levels
[23-May-2026 07:20:18 UTC] Method: GET, URI: /api/admin/suppliers, Params: api/admin/suppliers
[23-May-2026 07:20:23 UTC] Method: GET, URI: /api/admin/suppliers, Params: api/admin/suppliers
[23-May-2026 07:20:23 UTC] Method: GET, URI: /api/products, Params: api/products
[23-May-2026 07:20:23 UTC] Method: GET, URI: /api/reports/stock-levels, Params: api/reports/stock-levels
[23-May-2026 07:20:23 UTC] Method: GET, URI: /api/reports/low-stock, Params: api/reports/low-stock
[23-May-2026 07:20:25 UTC] Method: POST, URI: /api/auth/login, Params: api/auth/login
[23-May-2026 07:20:25 UTC] Method: GET, URI: /api/reports/low-stock, Params: api/reports/low-stock
[23-May-2026 07:20:25 UTC] Method: GET, URI: /api/reports/stock-levels, Params: api/reports/stock-levels
[23-May-2026 07:20:25 UTC] Method: GET, URI: /api/products, Params: api/products
[23-May-2026 07:20:28 UTC] Method: GET, URI: /api/reports/low-stock, Params: api/reports/low-stock
[23-May-2026 07:20:28 UTC] Method: GET, URI: /api/reports/stock-levels, Params: api/reports/stock-levels
[23-May-2026 07:20:28 UTC] Method: GET, URI: /api/products, Params: api/products
[23-May-2026 07:20:28 UTC] Method: GET, URI: /api/admin/suppliers, Params: api/admin/suppliers
[23-May-2026 07:20:30 UTC] Method: GET, URI: /api/reports/stock-levels, Params: api/reports/stock-levels
[23-May-2026 07:20:30 UTC] Method: GET, URI: /api/reports/low-stock, Params: api/reports/low-stock
[23-May-2026 07:20:30 UTC] Method: GET, URI: /api/products, Params: api/products
[23-May-2026 07:20:33 UTC] Method: GET, URI: /api/products, Params: api/products
[23-May-2026 07:20:33 UTC] Method: GET, URI: /api/reports/low-stock, Params: api/reports/low-stock
[23-May-2026 07:20:33 UTC] Method: GET, URI: /api/reports/stock-levels, Params: api/reports/stock-levels
[23-May-2026 07:20:33 UTC] Method: GET, URI: /api/admin/suppliers, Params: api/admin/suppliers
[23-May-2026 07:20:34 UTC] Method: GET, URI: /api/products, Params: api/products
[23-May-2026 07:20:38 UTC] Method: GET, URI: /api/reports/low-stock, Params: api/reports/low-stock
[23-May-2026 07:20:38 UTC] Method: GET, URI: /api/products, Params: api/products
[23-May-2026 07:20:38 UTC] Method: GET, URI: /api/reports/stock-levels, Params: api/reports/stock-levels
[23-May-2026 07:20:38 UTC] Method: GET, URI: /api/admin/suppliers, Params: api/admin/suppliers
[23-May-2026 07:20:38 UTC] Method: GET, URI: /api/products, Params: api/products
[23-May-2026 07:20:42 UTC] Method: GET, URI: /api/products, Params: api/products
[23-May-2026 07:20:43 UTC] Method: GET, URI: /api/reports/stock-levels, Params: api/reports/stock-levels
[23-May-2026 07:20:43 UTC] Method: GET, URI: /api/products, Params: api/products
[23-May-2026 07:20:43 UTC] Method: GET, URI: /api/reports/low-stock, Params: api/reports/low-stock
[23-May-2026 07:20:43 UTC] Method: GET, URI: /api/admin/suppliers, Params: api/admin/suppliers
[23-May-2026 07:20:46 UTC] Method: GET, URI: /api/products, Params: api/products
[23-May-2026 07:20:48 UTC] Method: GET, URI: /api/products, Params: api/products
[23-May-2026 07:20:48 UTC] Method: GET, URI: /api/reports/low-stock, Params: api/reports/low-stock
[23-May-2026 07:20:48 UTC] Method: GET, URI: /api/reports/stock-levels, Params: api/reports/stock-levels
[23-May-2026 07:20:48 UTC] Method: GET, URI: /api/admin/suppliers, Params: api/admin/suppliers
[23-May-2026 07:20:50 UTC] Method: GET, URI: /api/products, Params: api/products
[23-May-2026 07:20:53 UTC] Method: GET, URI: /api/reports/stock-levels, Params: api/reports/stock-levels
[23-May-2026 07:20:53 UTC] Method: GET, URI: /api/reports/low-stock, Params: api/reports/low-stock
[23-May-2026 07:20:53 UTC] Method: GET, URI: /api/admin/suppliers, Params: api/admin/suppliers
[23-May-2026 07:20:53 UTC] Method: GET, URI: /api/products, Params: api/products
[23-May-2026 07:20:54 UTC] Method: GET, URI: /api/products, Params: api/products
[23-May-2026 07:20:58 UTC] Method: GET, URI: /api/products, Params: api/products
[23-May-2026 07:20:58 UTC] Method: GET, URI: /api/reports/stock-levels, Params: api/reports/stock-levels
[23-May-2026 07:20:58 UTC] Method: GET, URI: /api/admin/suppliers, Params: api/admin/suppliers
[23-May-2026 07:20:58 UTC] Method: GET, URI: /api/reports/low-stock, Params: api/reports/low-stock
[23-May-2026 07:20:58 UTC] Method: GET, URI: /api/products, Params: api/products
[23-May-2026 07:21:02 UTC] Method: GET, URI: /api/products, Params: api/products
[23-May-2026 07:21:03 UTC] Method: GET, URI: /api/products, Params: api/products
[23-May-2026 07:21:03 UTC] Method: GET, URI: /api/admin/suppliers, Params: api/admin/suppliers
[23-May-2026 07:21:03 UTC] Method: GET, URI: /api/reports/low-stock, Params: api/reports/low-stock
[23-May-2026 07:21:03 UTC] Method: GET, URI: /api/reports/stock-levels, Params: api/reports/stock-levels
[23-May-2026 07:21:06 UTC] Method: GET, URI: /api/products, Params: api/products
[23-May-2026 07:21:08 UTC] Method: GET, URI: /api/products, Params: api/products
[23-May-2026 07:21:08 UTC] Method: GET, URI: /api/reports/stock-levels, Params: api/reports/stock-levels
[23-May-2026 07:21:08 UTC] Method: GET, URI: /api/admin/suppliers, Params: api/admin/suppliers
[23-May-2026 07:21:08 UTC] Method: GET, URI: /api/reports/low-stock, Params: api/reports/low-stock
[23-May-2026 07:21:10 UTC] Method: GET, URI: /api/products, Params: api/products
[23-May-2026 07:21:13 UTC] Method: GET, URI: /api/reports/low-stock, Params: api/reports/low-stock
[23-May-2026 07:21:13 UTC] Method: GET, URI: /api/admin/suppliers, Params: api/admin/suppliers
[23-May-2026 07:21:13 UTC] Method: GET, URI: /api/reports/stock-levels, Params: api/reports/stock-levels
[23-May-2026 07:21:13 UTC] Method: GET, URI: /api/products, Params: api/products
[23-May-2026 07:21:15 UTC] Method: GET, URI: /api/products, Params: api/products
[23-May-2026 07:21:18 UTC] Method: GET, URI: /api/products, Params: api/products
[23-May-2026 07:21:22 UTC] Method: GET, URI: /api/products, Params: api/products
[23-May-2026 07:21:23 UTC] Method: GET, URI: /api/products, Params: api/products
[23-May-2026 07:21:23 UTC] Method: GET, URI: /api/reports/stock-levels, Params: api/reports/stock-levels
[23-May-2026 07:21:23 UTC] Method: GET, URI: /api/admin/suppliers, Params: api/admin/suppliers
[23-May-2026 07:21:23 UTC] Method: GET, URI: /api/reports/low-stock, Params: api/reports/low-stock
[23-May-2026 07:21:26 UTC] Method: GET, URI: /api/products, Params: api/products
[23-May-2026 07:21:30 UTC] Method: GET, URI: /api/products, Params: api/products
[23-May-2026 07:21:34 UTC] Method: GET, URI: /api/products, Params: api/products
[23-May-2026 07:21:38 UTC] Method: GET, URI: /api/products, Params: api/products
[23-May-2026 07:21:42 UTC] Method: GET, URI: /api/products, Params: api/products
[23-May-2026 07:21:46 UTC] Method: GET, URI: /api/products, Params: api/products
[23-May-2026 07:21:50 UTC] Method: GET, URI: /api/products, Params: api/products
[23-May-2026 07:21:54 UTC] Method: GET, URI: /api/products, Params: api/products
[23-May-2026 07:21:58 UTC] Method: GET, URI: /api/products, Params: api/products
[23-May-2026 07:21:58 UTC] Method: GET, URI: /api/reports/low-stock, Params: api/reports/low-stock
[23-May-2026 07:21:58 UTC] Method: GET, URI: /api/admin/suppliers, Params: api/admin/suppliers
[23-May-2026 07:21:58 UTC] Method: GET, URI: /api/reports/stock-levels, Params: api/reports/stock-levels
[23-May-2026 07:21:59 UTC] Method: GET, URI: /api/products, Params: api/products
[23-May-2026 07:22:02 UTC] Method: GET, URI: /api/products, Params: api/products
[23-May-2026 07:22:03 UTC] Method: GET, URI: /api/products, Params: api/products
[23-May-2026 07:22:03 UTC] Method: GET, URI: /api/reports/stock-levels, Params: api/reports/stock-levels
[23-May-2026 07:22:03 UTC] Method: GET, URI: /api/admin/suppliers, Params: api/admin/suppliers
[23-May-2026 07:22:03 UTC] Method: GET, URI: /api/reports/low-stock, Params: api/reports/low-stock
[23-May-2026 07:22:07 UTC] Method: GET, URI: /api/products, Params: api/products
[23-May-2026 07:22:08 UTC] Method: GET, URI: /api/products, Params: api/products
[23-May-2026 07:22:08 UTC] Method: GET, URI: /api/reports/stock-levels, Params: api/reports/stock-levels
[23-May-2026 07:22:08 UTC] Method: GET, URI: /api/admin/suppliers, Params: api/admin/suppliers
[23-May-2026 07:22:08 UTC] Method: GET, URI: /api/reports/low-stock, Params: api/reports/low-stock
[23-May-2026 07:22:10 UTC] Method: GET, URI: /api/products, Params: api/products
[23-May-2026 07:22:13 UTC] Method: GET, URI: /api/products, Params: api/products
[23-May-2026 07:22:13 UTC] Method: GET, URI: /api/admin/suppliers, Params: api/admin/suppliers
[23-May-2026 07:22:13 UTC] Method: GET, URI: /api/reports/stock-levels, Params: api/reports/stock-levels
[23-May-2026 07:22:13 UTC] Method: GET, URI: /api/reports/low-stock, Params: api/reports/low-stock
[23-May-2026 07:22:14 UTC] Method: GET, URI: /api/products, Params: api/products
[23-May-2026 07:22:18 UTC] Method: GET, URI: /api/products, Params: api/products
[23-May-2026 07:22:18 UTC] Method: GET, URI: /api/reports/low-stock, Params: api/reports/low-stock
[23-May-2026 07:22:18 UTC] Method: GET, URI: /api/admin/suppliers, Params: api/admin/suppliers
[23-May-2026 07:22:18 UTC] Method: GET, URI: /api/reports/stock-levels, Params: api/reports/stock-levels
[23-May-2026 07:22:18 UTC] Method: GET, URI: /api/products, Params: api/products
[23-May-2026 07:22:22 UTC] Method: GET, URI: /api/products, Params: api/products
[23-May-2026 07:22:23 UTC] Method: GET, URI: /api/reports/stock-levels, Params: api/reports/stock-levels
[23-May-2026 07:22:23 UTC] Method: GET, URI: /api/products, Params: api/products
[23-May-2026 07:22:23 UTC] Method: GET, URI: /api/reports/low-stock, Params: api/reports/low-stock
[23-May-2026 07:22:23 UTC] Method: GET, URI: /api/admin/suppliers, Params: api/admin/suppliers
[23-May-2026 07:22:26 UTC] Method: GET, URI: /api/products, Params: api/products
[23-May-2026 07:22:28 UTC] Method: GET, URI: /api/products, Params: api/products
[23-May-2026 07:22:28 UTC] Method: GET, URI: /api/reports/low-stock, Params: api/reports/low-stock
[23-May-2026 07:22:28 UTC] Method: GET, URI: /api/reports/stock-levels, Params: api/reports/stock-levels
[23-May-2026 07:22:28 UTC] Method: GET, URI: /api/admin/suppliers, Params: api/admin/suppliers
[23-May-2026 07:22:30 UTC] Method: GET, URI: /api/products, Params: api/products
[23-May-2026 07:22:33 UTC] Method: GET, URI: /api/admin/suppliers, Params: api/admin/suppliers
[23-May-2026 07:22:33 UTC] Method: GET, URI: /api/reports/stock-levels, Params: api/reports/stock-levels
[23-May-2026 07:22:33 UTC] Method: GET, URI: /api/reports/low-stock, Params: api/reports/low-stock
[23-May-2026 07:22:33 UTC] Method: GET, URI: /api/products, Params: api/products
[23-May-2026 07:22:34 UTC] Method: GET, URI: /api/products, Params: api/products
[23-May-2026 07:22:38 UTC] Method: GET, URI: /api/admin/suppliers, Params: api/admin/suppliers
[23-May-2026 07:22:38 UTC] Method: GET, URI: /api/reports/stock-levels, Params: api/reports/stock-levels
[23-May-2026 07:22:38 UTC] Method: GET, URI: /api/products, Params: api/products
[23-May-2026 07:22:38 UTC] Method: GET, URI: /api/reports/low-stock, Params: api/reports/low-stock
[23-May-2026 07:22:38 UTC] Method: GET, URI: /api/products, Params: api/products
[23-May-2026 07:22:42 UTC] Method: GET, URI: /api/products, Params: api/products
[23-May-2026 07:22:43 UTC] Method: GET, URI: /api/products, Params: api/products
[23-May-2026 07:22:43 UTC] Method: GET, URI: /api/reports/low-stock, Params: api/reports/low-stock
[23-May-2026 07:22:43 UTC] Method: GET, URI: /api/admin/suppliers, Params: api/admin/suppliers
[23-May-2026 07:22:43 UTC] Method: GET, URI: /api/reports/stock-levels, Params: api/reports/stock-levels
[23-May-2026 07:22:46 UTC] Method: GET, URI: /api/products, Params: api/products
[23-May-2026 07:22:48 UTC] Method: GET, URI: /api/products, Params: api/products
[23-May-2026 07:22:48 UTC] Method: GET, URI: /api/reports/low-stock, Params: api/reports/low-stock
[23-May-2026 07:22:48 UTC] Method: GET, URI: /api/reports/stock-levels, Params: api/reports/stock-levels
[23-May-2026 07:22:48 UTC] Method: GET, URI: /api/admin/suppliers, Params: api/admin/suppliers
[23-May-2026 07:22:50 UTC] Method: GET, URI: /api/products, Params: api/products
[23-May-2026 07:22:53 UTC] Method: GET, URI: /api/reports/low-stock, Params: api/reports/low-stock
[23-May-2026 07:22:53 UTC] Method: GET, URI: /api/reports/stock-levels, Params: api/reports/stock-levels
[23-May-2026 07:22:53 UTC] Method: GET, URI: /api/admin/suppliers, Params: api/admin/suppliers
[23-May-2026 07:22:53 UTC] Method: GET, URI: /api/products, Params: api/products
[23-May-2026 07:22:54 UTC] Method: GET, URI: /api/products, Params: api/products
[23-May-2026 07:22:58 UTC] Method: GET, URI: /api/products, Params: api/products
[23-May-2026 07:22:58 UTC] Method: GET, URI: /api/reports/stock-levels, Params: api/reports/stock-levels
[23-May-2026 07:22:58 UTC] Method: GET, URI: /api/admin/suppliers, Params: api/admin/suppliers
[23-May-2026 07:22:58 UTC] Method: GET, URI: /api/reports/low-stock, Params: api/reports/low-stock
[23-May-2026 07:22:58 UTC] Method: GET, URI: /api/products, Params: api/products
[23-May-2026 07:23:03 UTC] Method: GET, URI: /api/products, Params: api/products
[23-May-2026 07:23:06 UTC] Method: GET, URI: /api/products, Params: api/products
[23-May-2026 07:23:10 UTC] Method: GET, URI: /api/products, Params: api/products
[23-May-2026 07:23:14 UTC] Method: GET, URI: /api/products, Params: api/products
[23-May-2026 07:23:18 UTC] Method: GET, URI: /api/products, Params: api/products
[23-May-2026 07:23:22 UTC] Method: GET, URI: /api/products, Params: api/products
[23-May-2026 07:23:23 UTC] Method: GET, URI: /api/products, Params: api/products
[23-May-2026 07:23:23 UTC] Method: GET, URI: /api/reports/low-stock, Params: api/reports/low-stock
[23-May-2026 07:23:23 UTC] Method: GET, URI: /api/reports/stock-levels, Params: api/reports/stock-levels
[23-May-2026 07:23:23 UTC] Method: GET, URI: /api/admin/suppliers, Params: api/admin/suppliers
[23-May-2026 07:23:26 UTC] Method: GET, URI: /api/products, Params: api/products
[23-May-2026 07:23:30 UTC] Method: GET, URI: /api/products, Params: api/products
[23-May-2026 07:23:34 UTC] Method: GET, URI: /api/products, Params: api/products
[23-May-2026 07:23:38 UTC] Method: GET, URI: /api/products, Params: api/products
[23-May-2026 07:23:42 UTC] Method: GET, URI: /api/products, Params: api/products
[23-May-2026 07:23:46 UTC] Method: GET, URI: /api/products, Params: api/products
[23-May-2026 07:23:50 UTC] Method: GET, URI: /api/products, Params: api/products
[23-May-2026 07:23:54 UTC] Method: GET, URI: /api/products, Params: api/products
[23-May-2026 07:23:58 UTC] Method: GET, URI: /api/products, Params: api/products
[23-May-2026 07:24:02 UTC] Method: GET, URI: /api/products, Params: api/products
[23-May-2026 07:24:06 UTC] Method: GET, URI: /api/products, Params: api/products
[23-May-2026 07:24:10 UTC] Method: GET, URI: /api/products, Params: api/products
[23-May-2026 07:24:14 UTC] Method: GET, URI: /api/products, Params: api/products
[23-May-2026 07:24:18 UTC] Method: GET, URI: /api/products, Params: api/products
[23-May-2026 07:24:22 UTC] Method: GET, URI: /api/products, Params: api/products
[23-May-2026 07:24:23 UTC] Method: GET, URI: /api/products, Params: api/products
[23-May-2026 07:24:23 UTC] Method: GET, URI: /api/reports/low-stock, Params: api/reports/low-stock
[23-May-2026 07:24:23 UTC] Method: GET, URI: /api/reports/stock-levels, Params: api/reports/stock-levels
[23-May-2026 07:24:23 UTC] Method: GET, URI: /api/admin/suppliers, Params: api/admin/suppliers
[23-May-2026 07:24:26 UTC] Method: GET, URI: /api/products, Params: api/products
[23-May-2026 07:24:30 UTC] Method: GET, URI: /api/products, Params: api/products
[23-May-2026 07:24:34 UTC] Method: GET, URI: /api/products, Params: api/products
[23-May-2026 07:24:38 UTC] Method: GET, URI: /api/products, Params: api/products
[23-May-2026 07:24:42 UTC] Method: GET, URI: /api/products, Params: api/products
[23-May-2026 07:24:46 UTC] Method: GET, URI: /api/products, Params: api/products
[23-May-2026 07:24:50 UTC] Method: GET, URI: /api/products, Params: api/products
[23-May-2026 07:24:54 UTC] Method: GET, URI: /api/products, Params: api/products
[23-May-2026 07:24:59 UTC] Method: GET, URI: /api/products, Params: api/products
[23-May-2026 07:25:02 UTC] Method: GET, URI: /api/products, Params: api/products
[23-May-2026 07:25:06 UTC] Method: GET, URI: /api/products, Params: api/products
[23-May-2026 07:25:10 UTC] Method: GET, URI: /api/products, Params: api/products
[23-May-2026 07:25:14 UTC] Method: GET, URI: /api/products, Params: api/products
[23-May-2026 07:25:18 UTC] Method: GET, URI: /api/products, Params: api/products
[23-May-2026 07:25:22 UTC] Method: GET, URI: /api/products, Params: api/products
[23-May-2026 07:25:23 UTC] Method: GET, URI: /api/products, Params: api/products
[23-May-2026 07:25:23 UTC] Method: GET, URI: /api/reports/low-stock, Params: api/reports/low-stock
[23-May-2026 07:25:23 UTC] Method: GET, URI: /api/reports/stock-levels, Params: api/reports/stock-levels
[23-May-2026 07:25:23 UTC] Method: GET, URI: /api/admin/suppliers, Params: api/admin/suppliers
[23-May-2026 07:25:26 UTC] Method: GET, URI: /api/products, Params: api/products
[23-May-2026 07:25:31 UTC] Method: GET, URI: /api/products, Params: api/products
[23-May-2026 07:25:34 UTC] Method: GET, URI: /api/products, Params: api/products
[23-May-2026 07:25:38 UTC] Method: GET, URI: /api/products, Params: api/products
[23-May-2026 07:25:42 UTC] Method: GET, URI: /api/products, Params: api/products
[23-May-2026 07:25:46 UTC] Method: GET, URI: /api/products, Params: api/products
[23-May-2026 07:25:50 UTC] Method: GET, URI: /api/products, Params: api/products
[23-May-2026 07:25:55 UTC] Method: GET, URI: /api/products, Params: api/products
[23-May-2026 07:25:59 UTC] Method: GET, URI: /api/products, Params: api/products
[23-May-2026 07:26:03 UTC] Method: GET, URI: /api/products, Params: api/products
[23-May-2026 07:26:07 UTC] Method: GET, URI: /api/products, Params: api/products
[23-May-2026 07:26:11 UTC] Method: GET, URI: /api/products, Params: api/products
[23-May-2026 07:26:15 UTC] Method: GET, URI: /api/products, Params: api/products
[23-May-2026 07:26:19 UTC] Method: GET, URI: /api/products, Params: api/products
[23-May-2026 07:26:23 UTC] Method: GET, URI: /api/products, Params: api/products
[23-May-2026 07:26:23 UTC] Method: GET, URI: /api/reports/stock-levels, Params: api/reports/stock-levels
[23-May-2026 07:26:23 UTC] Method: GET, URI: /api/admin/suppliers, Params: api/admin/suppliers
[23-May-2026 07:26:23 UTC] Method: GET, URI: /api/reports/low-stock, Params: api/reports/low-stock
[23-May-2026 07:26:23 UTC] Method: GET, URI: /api/products, Params: api/products
[23-May-2026 07:26:27 UTC] Method: GET, URI: /api/products, Params: api/products
[23-May-2026 07:26:31 UTC] Method: GET, URI: /api/products, Params: api/products
[23-May-2026 07:26:35 UTC] Method: GET, URI: /api/products, Params: api/products
[23-May-2026 07:26:39 UTC] Method: GET, URI: /api/products, Params: api/products
[23-May-2026 07:26:43 UTC] Method: GET, URI: /api/products, Params: api/products
[23-May-2026 07:26:47 UTC] Method: GET, URI: /api/products, Params: api/products
[23-May-2026 07:26:51 UTC] Method: GET, URI: /api/products, Params: api/products
[23-May-2026 07:27:03 UTC] Method: GET, URI: /api/products, Params: api/products
[23-May-2026 07:27:04 UTC] Method: GET, URI: /api/users/profile, Params: api/users/profile
[23-May-2026 07:27:07 UTC] Method: GET, URI: /api/reports/stock-levels, Params: api/reports/stock-levels
[23-May-2026 07:27:07 UTC] Method: GET, URI: /api/reports/low-stock, Params: api/reports/low-stock
[23-May-2026 07:27:09 UTC] Method: GET, URI: /api/products, Params: api/products
[23-May-2026 07:27:09 UTC] Method: GET, URI: /api/reports/stock-levels, Params: api/reports/stock-levels
[23-May-2026 07:27:11 UTC] Method: GET, URI: /api/products, Params: api/products
[23-May-2026 07:27:13 UTC] Method: GET, URI: /api/reports/low-stock, Params: api/reports/low-stock
[23-May-2026 07:27:13 UTC] Method: GET, URI: /api/reports/stock-levels, Params: api/reports/stock-levels
[23-May-2026 07:27:13 UTC] Method: GET, URI: /api/products, Params: api/products
[23-May-2026 07:27:18 UTC] Method: GET, URI: /api/reports/stock-levels, Params: api/reports/stock-levels
[23-May-2026 07:27:18 UTC] Method: GET, URI: /api/reports/low-stock, Params: api/reports/low-stock
[23-May-2026 07:27:18 UTC] Method: GET, URI: /api/products, Params: api/products
[23-May-2026 07:27:23 UTC] Method: GET, URI: /api/products, Params: api/products
[23-May-2026 07:27:23 UTC] Method: GET, URI: /api/reports/stock-levels, Params: api/reports/stock-levels
[23-May-2026 07:27:23 UTC] Method: GET, URI: /api/reports/low-stock, Params: api/reports/low-stock
[23-May-2026 07:27:23 UTC] Method: GET, URI: /api/admin/suppliers, Params: api/admin/suppliers
[23-May-2026 07:27:25 UTC] Method: GET, URI: /api/products, Params: api/products
[23-May-2026 07:27:25 UTC] Method: GET, URI: /api/reports/low-stock, Params: api/reports/low-stock
[23-May-2026 07:27:25 UTC] Method: GET, URI: /api/reports/stock-levels, Params: api/reports/stock-levels
[23-May-2026 07:27:28 UTC] Method: GET, URI: /api/reports/low-stock, Params: api/reports/low-stock
[23-May-2026 07:27:28 UTC] Method: GET, URI: /api/products, Params: api/products
[23-May-2026 07:27:28 UTC] Method: GET, URI: /api/reports/stock-levels, Params: api/reports/stock-levels
[23-May-2026 07:27:29 UTC] Method: GET, URI: /api/reports/stock-levels, Params: api/reports/stock-levels
[23-May-2026 07:27:29 UTC] Method: GET, URI: /api/reports/low-stock, Params: api/reports/low-stock
[23-May-2026 07:27:34 UTC] Method: GET, URI: /api/reports/stock-levels, Params: api/reports/stock-levels
[23-May-2026 07:27:34 UTC] Method: GET, URI: /api/reports/low-stock, Params: api/reports/low-stock
[23-May-2026 07:27:39 UTC] Method: GET, URI: /api/reports/low-stock, Params: api/reports/low-stock
[23-May-2026 07:27:39 UTC] Method: GET, URI: /api/reports/stock-levels, Params: api/reports/stock-levels
[23-May-2026 07:27:39 UTC] Method: GET, URI: /api/reports/low-stock, Params: api/reports/low-stock
[23-May-2026 07:27:39 UTC] Method: GET, URI: /api/reports/stock-levels, Params: api/reports/stock-levels
[23-May-2026 07:27:39 UTC] Method: GET, URI: /api/products, Params: api/products
[23-May-2026 07:27:43 UTC] Method: GET, URI: /api/users/profile, Params: api/users/profile
[23-May-2026 07:27:51 UTC] Method: GET, URI: /api/reports/low-stock, Params: api/reports/low-stock
[23-May-2026 07:27:51 UTC] Method: GET, URI: /api/reports/stock-levels, Params: api/reports/stock-levels
[23-May-2026 07:27:54 UTC] Method: GET, URI: /api/reports/stock-levels, Params: api/reports/stock-levels
[23-May-2026 07:27:54 UTC] Method: GET, URI: /api/products, Params: api/products
[23-May-2026 07:27:58 UTC] Method: GET, URI: /api/products, Params: api/products
[23-May-2026 07:28:01 UTC] Method: GET, URI: /api/reports/low-stock, Params: api/reports/low-stock
[23-May-2026 07:28:01 UTC] Method: GET, URI: /api/reports/stock-levels, Params: api/reports/stock-levels
[23-May-2026 07:28:01 UTC] Method: GET, URI: /api/products, Params: api/products
[23-May-2026 07:28:09 UTC] Method: POST, URI: /api/auth/login, Params: api/auth/login
[23-May-2026 07:28:09 UTC] Method: GET, URI: /api/reports/low-stock, Params: api/reports/low-stock
[23-May-2026 07:28:09 UTC] Method: GET, URI: /api/admin/suppliers, Params: api/admin/suppliers
[23-May-2026 07:28:09 UTC] Method: GET, URI: /api/products, Params: api/products
[23-May-2026 07:28:09 UTC] Method: GET, URI: /api/reports/stock-levels, Params: api/reports/stock-levels
[23-May-2026 07:28:13 UTC] Method: GET, URI: /api/admin/suppliers, Params: api/admin/suppliers
[23-May-2026 07:28:13 UTC] Method: GET, URI: /api/products, Params: api/products
[23-May-2026 07:28:17 UTC] Method: GET, URI: /api/admin/suppliers, Params: api/admin/suppliers
[23-May-2026 07:28:20 UTC] Method: GET, URI: /api/reports/stock-levels, Params: api/reports/stock-levels
[23-May-2026 07:28:20 UTC] Method: GET, URI: /api/products, Params: api/products
[23-May-2026 07:28:23 UTC] Method: GET, URI: /api/products, Params: api/products
[23-May-2026 07:28:23 UTC] Method: GET, URI: /api/reports/low-stock, Params: api/reports/low-stock
[23-May-2026 07:28:23 UTC] Method: GET, URI: /api/reports/stock-levels, Params: api/reports/stock-levels
[23-May-2026 07:28:23 UTC] Method: GET, URI: /api/admin/suppliers, Params: api/admin/suppliers
[23-May-2026 07:28:23 UTC] Method: GET, URI: /api/admin/suppliers, Params: api/admin/suppliers
[23-May-2026 07:28:24 UTC] Method: GET, URI: /api/admin/suppliers, Params: api/admin/suppliers
[23-May-2026 07:28:24 UTC] Method: GET, URI: /api/products, Params: api/products
[23-May-2026 07:28:28 UTC] Method: GET, URI: /api/products, Params: api/products
[23-May-2026 07:28:28 UTC] Method: GET, URI: /api/users/profile, Params: api/users/profile
[23-May-2026 07:28:29 UTC] Method: GET, URI: /api/reports/stock-levels, Params: api/reports/stock-levels
[23-May-2026 07:28:29 UTC] Method: GET, URI: /api/reports/low-stock, Params: api/reports/low-stock
[23-May-2026 07:28:30 UTC] Method: GET, URI: /api/reports/stock-levels, Params: api/reports/stock-levels
[23-May-2026 07:28:30 UTC] Method: GET, URI: /api/products, Params: api/products
[23-May-2026 07:28:31 UTC] Method: GET, URI: /api/admin/suppliers, Params: api/admin/suppliers
[23-May-2026 07:28:35 UTC] Method: GET, URI: /api/admin/suppliers, Params: api/admin/suppliers
[23-May-2026 07:28:35 UTC] Method: GET, URI: /api/products, Params: api/products
[23-May-2026 07:28:39 UTC] Method: GET, URI: /api/products, Params: api/products
[23-May-2026 07:28:43 UTC] Method: GET, URI: /api/products, Params: api/products
[23-May-2026 07:28:47 UTC] Method: GET, URI: /api/products, Params: api/products
[23-May-2026 07:28:50 UTC] Method: GET, URI: /api/admin/suppliers, Params: api/admin/suppliers
[23-May-2026 07:28:56 UTC] Method: GET, URI: /api/products, Params: api/products
[23-May-2026 07:28:56 UTC] Method: GET, URI: /api/admin/suppliers, Params: api/admin/suppliers
[23-May-2026 07:29:00 UTC] Method: GET, URI: /api/products, Params: api/products
[23-May-2026 07:29:01 UTC] Method: GET, URI: /api/admin/suppliers, Params: api/admin/suppliers
[23-May-2026 07:29:03 UTC] Method: GET, URI: /api/reports/stock-levels, Params: api/reports/stock-levels
[23-May-2026 07:29:03 UTC] Method: GET, URI: /api/products, Params: api/products
[23-May-2026 07:29:09 UTC] Method: GET, URI: /api/reports/stock-levels, Params: api/reports/stock-levels
[23-May-2026 07:29:14 UTC] Method: GET, URI: /api/reports/stock-levels, Params: api/reports/stock-levels
[23-May-2026 07:29:18 UTC] Method: GET, URI: /api/reports/stock-levels, Params: api/reports/stock-levels
[23-May-2026 07:29:19 UTC] Method: GET, URI: /api/admin/suppliers, Params: api/admin/suppliers
[23-May-2026 07:29:19 UTC] Method: GET, URI: /api/products, Params: api/products
[23-May-2026 07:29:22 UTC] Method: GET, URI: /api/products, Params: api/products
[23-May-2026 07:29:23 UTC] Method: GET, URI: /api/products, Params: api/products
[23-May-2026 07:29:23 UTC] Method: GET, URI: /api/reports/stock-levels, Params: api/reports/stock-levels
[23-May-2026 07:29:23 UTC] Method: GET, URI: /api/reports/low-stock, Params: api/reports/low-stock
[23-May-2026 07:29:23 UTC] Method: GET, URI: /api/admin/suppliers, Params: api/admin/suppliers
[23-May-2026 07:29:28 UTC] Method: GET, URI: /api/products, Params: api/products
[23-May-2026 07:29:28 UTC] Method: GET, URI: /api/reports/stock-levels, Params: api/reports/stock-levels
[23-May-2026 07:29:28 UTC] Method: GET, URI: /api/admin/suppliers, Params: api/admin/suppliers
[23-May-2026 07:29:28 UTC] Method: GET, URI: /api/products, Params: api/products
[23-May-2026 07:29:30 UTC] Method: GET, URI: /api/reports/stock-levels, Params: api/reports/stock-levels
[23-May-2026 07:29:30 UTC] Method: GET, URI: /api/reports/low-stock, Params: api/reports/low-stock
[23-May-2026 07:29:31 UTC] Method: GET, URI: /api/products, Params: api/products
[23-May-2026 07:29:31 UTC] Method: GET, URI: /api/reports/stock-levels, Params: api/reports/stock-levels
[23-May-2026 07:29:33 UTC] Method: GET, URI: /api/products, Params: api/products
[23-May-2026 07:29:33 UTC] Method: GET, URI: /api/admin/suppliers, Params: api/admin/suppliers
[23-May-2026 07:29:34 UTC] Method: GET, URI: /api/admin/suppliers, Params: api/admin/suppliers
[23-May-2026 07:29:41 UTC] Method: GET, URI: /api/admin/suppliers, Params: api/admin/suppliers
[23-May-2026 07:29:47 UTC] Method: GET, URI: /api/admin/suppliers, Params: api/admin/suppliers
[23-May-2026 07:29:53 UTC] Method: GET, URI: /api/admin/suppliers, Params: api/admin/suppliers
[23-May-2026 07:29:59 UTC] Method: GET, URI: /api/admin/suppliers, Params: api/admin/suppliers
[23-May-2026 07:30:05 UTC] Method: GET, URI: /api/admin/suppliers, Params: api/admin/suppliers
[23-May-2026 07:30:11 UTC] Method: GET, URI: /api/admin/suppliers, Params: api/admin/suppliers
[23-May-2026 07:30:17 UTC] Method: GET, URI: /api/admin/suppliers, Params: api/admin/suppliers
[23-May-2026 07:30:23 UTC] Method: GET, URI: /api/admin/suppliers, Params: api/admin/suppliers
[23-May-2026 07:30:23 UTC] Method: GET, URI: /api/reports/stock-levels, Params: api/reports/stock-levels
[23-May-2026 07:30:23 UTC] Method: GET, URI: /api/products, Params: api/products
[23-May-2026 07:30:23 UTC] Method: GET, URI: /api/reports/low-stock, Params: api/reports/low-stock
[23-May-2026 07:30:23 UTC] Method: GET, URI: /api/admin/suppliers, Params: api/admin/suppliers
[23-May-2026 07:30:29 UTC] Method: GET, URI: /api/admin/suppliers, Params: api/admin/suppliers
[23-May-2026 07:30:34 UTC] Method: GET, URI: /api/admin/suppliers, Params: api/admin/suppliers
[23-May-2026 07:30:40 UTC] Method: GET, URI: /api/admin/suppliers, Params: api/admin/suppliers
[23-May-2026 07:30:46 UTC] Method: GET, URI: /api/admin/suppliers, Params: api/admin/suppliers
[23-May-2026 07:30:48 UTC] Method: GET, URI: /api/products, Params: api/products
[23-May-2026 07:30:48 UTC] Method: GET, URI: /api/admin/suppliers, Params: api/admin/suppliers
[23-May-2026 07:30:48 UTC] Method: GET, URI: /api/reports/stock-levels, Params: api/reports/stock-levels
[23-May-2026 07:30:48 UTC] Method: GET, URI: /api/reports/low-stock, Params: api/reports/low-stock
[23-May-2026 07:30:49 UTC] Method: GET, URI: /api/products, Params: api/products
[23-May-2026 07:30:49 UTC] Method: GET, URI: /api/admin/suppliers, Params: api/admin/suppliers
[23-May-2026 07:30:50 UTC] Method: GET, URI: /api/admin/suppliers, Params: api/admin/suppliers
[23-May-2026 07:30:56 UTC] Method: GET, URI: /api/admin/suppliers, Params: api/admin/suppliers
[23-May-2026 07:31:02 UTC] Method: GET, URI: /api/admin/suppliers, Params: api/admin/suppliers
[23-May-2026 07:31:09 UTC] Method: GET, URI: /api/admin/suppliers, Params: api/admin/suppliers
[23-May-2026 07:31:15 UTC] Method: GET, URI: /api/admin/suppliers, Params: api/admin/suppliers
[23-May-2026 07:31:20 UTC] Method: GET, URI: /api/admin/suppliers, Params: api/admin/suppliers
[23-May-2026 07:31:20 UTC] Method: GET, URI: /api/products, Params: api/products
[23-May-2026 07:31:20 UTC] Method: GET, URI: /api/reports/stock-levels, Params: api/reports/stock-levels
[23-May-2026 07:31:20 UTC] Method: GET, URI: /api/admin/suppliers, Params: api/admin/suppliers
[23-May-2026 07:31:20 UTC] Method: GET, URI: /api/reports/low-stock, Params: api/reports/low-stock
[23-May-2026 07:31:26 UTC] Method: GET, URI: /api/products, Params: api/products
[23-May-2026 07:31:26 UTC] Method: GET, URI: /api/reports/stock-levels, Params: api/reports/stock-levels
[23-May-2026 07:31:26 UTC] Method: GET, URI: /api/reports/low-stock, Params: api/reports/low-stock
[23-May-2026 07:31:26 UTC] Method: GET, URI: /api/admin/suppliers, Params: api/admin/suppliers
[23-May-2026 07:31:27 UTC] Method: GET, URI: /api/admin/suppliers, Params: api/admin/suppliers
[23-May-2026 07:31:30 UTC] Method: GET, URI: /api/products, Params: api/products
[23-May-2026 07:31:30 UTC] Method: GET, URI: /api/admin/suppliers, Params: api/admin/suppliers
[23-May-2026 07:31:31 UTC] Method: GET, URI: /api/products, Params: api/products
[23-May-2026 07:31:31 UTC] Method: GET, URI: /api/reports/low-stock, Params: api/reports/low-stock
[23-May-2026 07:31:31 UTC] Method: GET, URI: /api/admin/suppliers, Params: api/admin/suppliers
[23-May-2026 07:31:31 UTC] Method: GET, URI: /api/reports/stock-levels, Params: api/reports/stock-levels
[23-May-2026 07:31:33 UTC] Method: GET, URI: /api/reports/low-stock, Params: api/reports/low-stock
[23-May-2026 07:31:33 UTC] Method: GET, URI: /api/products, Params: api/products
[23-May-2026 07:31:33 UTC] Method: GET, URI: /api/reports/stock-levels, Params: api/reports/stock-levels
[23-May-2026 07:31:33 UTC] Method: GET, URI: /api/admin/suppliers, Params: api/admin/suppliers
[23-May-2026 07:31:36 UTC] Method: GET, URI: /api/products, Params: api/products
[23-May-2026 07:31:36 UTC] Method: GET, URI: /api/reports/stock-levels, Params: api/reports/stock-levels
[23-May-2026 07:31:36 UTC] Method: GET, URI: /api/admin/suppliers, Params: api/admin/suppliers
[23-May-2026 07:31:36 UTC] Method: GET, URI: /api/reports/low-stock, Params: api/reports/low-stock
[23-May-2026 07:31:36 UTC] Method: GET, URI: /api/products, Params: api/products
[23-May-2026 07:31:36 UTC] Method: GET, URI: /api/admin/suppliers, Params: api/admin/suppliers
[23-May-2026 07:31:41 UTC] Method: GET, URI: /api/products, Params: api/products
[23-May-2026 07:31:41 UTC] Method: GET, URI: /api/reports/low-stock, Params: api/reports/low-stock
[23-May-2026 07:31:41 UTC] Method: GET, URI: /api/admin/suppliers, Params: api/admin/suppliers
[23-May-2026 07:31:41 UTC] Method: GET, URI: /api/reports/stock-levels, Params: api/reports/stock-levels
[23-May-2026 07:31:41 UTC] Method: GET, URI: /api/products, Params: api/products
[23-May-2026 07:31:42 UTC] Method: GET, URI: /api/products, Params: api/products
[23-May-2026 07:31:42 UTC] Method: GET, URI: /api/admin/suppliers, Params: api/admin/suppliers
[23-May-2026 07:31:42 UTC] Method: GET, URI: /api/reports/low-stock, Params: api/reports/low-stock
[23-May-2026 07:31:42 UTC] Method: GET, URI: /api/products, Params: api/products
[23-May-2026 07:31:42 UTC] Method: GET, URI: /api/reports/stock-levels, Params: api/reports/stock-levels
[23-May-2026 07:31:42 UTC] Method: GET, URI: /api/admin/suppliers, Params: api/admin/suppliers
[23-May-2026 07:31:47 UTC] Method: GET, URI: /api/products, Params: api/products
[23-May-2026 07:31:48 UTC] Method: GET, URI: /api/products, Params: api/products
[23-May-2026 07:31:48 UTC] Method: GET, URI: /api/reports/stock-levels, Params: api/reports/stock-levels
[23-May-2026 07:31:48 UTC] Method: GET, URI: /api/reports/low-stock, Params: api/reports/low-stock
[23-May-2026 07:31:48 UTC] Method: GET, URI: /api/admin/suppliers, Params: api/admin/suppliers
[23-May-2026 07:31:51 UTC] Method: GET, URI: /api/products, Params: api/products
[23-May-2026 07:31:53 UTC] Method: GET, URI: /api/reports/stock-levels, Params: api/reports/stock-levels
[23-May-2026 07:31:53 UTC] Method: GET, URI: /api/reports/low-stock, Params: api/reports/low-stock
[23-May-2026 07:31:53 UTC] Method: GET, URI: /api/products, Params: api/products
[23-May-2026 07:31:53 UTC] Method: GET, URI: /api/admin/suppliers, Params: api/admin/suppliers
[23-May-2026 07:31:55 UTC] Method: GET, URI: /api/products, Params: api/products
[23-May-2026 07:31:58 UTC] Method: GET, URI: /api/products, Params: api/products
[23-May-2026 07:31:58 UTC] Method: GET, URI: /api/reports/low-stock, Params: api/reports/low-stock
[23-May-2026 07:31:58 UTC] Method: GET, URI: /api/reports/stock-levels, Params: api/reports/stock-levels
[23-May-2026 07:31:58 UTC] Method: GET, URI: /api/admin/suppliers, Params: api/admin/suppliers
[23-May-2026 07:31:59 UTC] Method: GET, URI: /api/products, Params: api/products
[23-May-2026 07:31:59 UTC] Method: GET, URI: /api/admin/suppliers, Params: api/admin/suppliers
[23-May-2026 07:31:59 UTC] Method: GET, URI: /api/reports/low-stock, Params: api/reports/low-stock
[23-May-2026 07:31:59 UTC] Method: GET, URI: /api/reports/stock-levels, Params: api/reports/stock-levels
[23-May-2026 07:31:59 UTC] Method: GET, URI: /api/products, Params: api/products
[23-May-2026 07:31:59 UTC] Method: GET, URI: /api/admin/suppliers, Params: api/admin/suppliers
[23-May-2026 07:31:59 UTC] Method: GET, URI: /api/products, Params: api/products
[23-May-2026 07:32:04 UTC] Method: GET, URI: /api/products, Params: api/products
[23-May-2026 07:32:05 UTC] Method: GET, URI: /api/reports/low-stock, Params: api/reports/low-stock
[23-May-2026 07:32:05 UTC] Method: GET, URI: /api/products, Params: api/products
[23-May-2026 07:32:05 UTC] Method: GET, URI: /api/reports/stock-levels, Params: api/reports/stock-levels
[23-May-2026 07:32:05 UTC] Method: GET, URI: /api/admin/suppliers, Params: api/admin/suppliers
[23-May-2026 07:32:08 UTC] Method: GET, URI: /api/products, Params: api/products
[23-May-2026 07:32:10 UTC] Method: GET, URI: /api/products, Params: api/products
[23-May-2026 07:32:10 UTC] Method: GET, URI: /api/admin/suppliers, Params: api/admin/suppliers
[23-May-2026 07:32:10 UTC] Method: GET, URI: /api/reports/low-stock, Params: api/reports/low-stock
[23-May-2026 07:32:10 UTC] Method: GET, URI: /api/reports/stock-levels, Params: api/reports/stock-levels
[23-May-2026 07:32:12 UTC] Method: GET, URI: /api/products, Params: api/products
[23-May-2026 07:32:15 UTC] Method: GET, URI: /api/products, Params: api/products
[23-May-2026 07:32:15 UTC] Method: GET, URI: /api/reports/stock-levels, Params: api/reports/stock-levels
[23-May-2026 07:32:15 UTC] Method: GET, URI: /api/admin/suppliers, Params: api/admin/suppliers
[23-May-2026 07:32:15 UTC] Method: GET, URI: /api/reports/low-stock, Params: api/reports/low-stock
[23-May-2026 07:32:16 UTC] Method: GET, URI: /api/products, Params: api/products
[23-May-2026 07:32:16 UTC] Method: GET, URI: /api/admin/suppliers, Params: api/admin/suppliers
[23-May-2026 07:32:16 UTC] Method: GET, URI: /api/reports/low-stock, Params: api/reports/low-stock
[23-May-2026 07:32:16 UTC] Method: GET, URI: /api/reports/stock-levels, Params: api/reports/stock-levels
[23-May-2026 07:32:16 UTC] Method: GET, URI: /api/products, Params: api/products
[23-May-2026 07:32:16 UTC] Method: GET, URI: /api/admin/suppliers, Params: api/admin/suppliers
[23-May-2026 07:32:16 UTC] Method: GET, URI: /api/products, Params: api/products
[23-May-2026 07:32:21 UTC] Method: GET, URI: /api/products, Params: api/products
[23-May-2026 07:32:22 UTC] Method: GET, URI: /api/products, Params: api/products
[23-May-2026 07:32:22 UTC] Method: GET, URI: /api/reports/stock-levels, Params: api/reports/stock-levels
[23-May-2026 07:32:22 UTC] Method: GET, URI: /api/admin/suppliers, Params: api/admin/suppliers
[23-May-2026 07:32:22 UTC] Method: GET, URI: /api/reports/low-stock, Params: api/reports/low-stock
[23-May-2026 07:32:25 UTC] Method: GET, URI: /api/products, Params: api/products
[23-May-2026 07:32:27 UTC] Method: GET, URI: /api/reports/low-stock, Params: api/reports/low-stock
[23-May-2026 07:32:27 UTC] Method: GET, URI: /api/admin/suppliers, Params: api/admin/suppliers
[23-May-2026 07:32:27 UTC] Method: GET, URI: /api/reports/stock-levels, Params: api/reports/stock-levels
[23-May-2026 07:32:27 UTC] Method: GET, URI: /api/products, Params: api/products
[23-May-2026 07:32:29 UTC] Method: GET, URI: /api/products, Params: api/products
[23-May-2026 07:32:31 UTC] Method: GET, URI: /api/products, Params: api/products
[23-May-2026 07:32:31 UTC] Method: GET, URI: /api/admin/suppliers, Params: api/admin/suppliers
[23-May-2026 07:32:31 UTC] Method: GET, URI: /api/products, Params: api/products
[23-May-2026 07:32:31 UTC] Method: GET, URI: /api/reports/low-stock, Params: api/reports/low-stock
[23-May-2026 07:32:31 UTC] Method: GET, URI: /api/reports/stock-levels, Params: api/reports/stock-levels
[23-May-2026 07:32:31 UTC] Method: GET, URI: /api/admin/suppliers, Params: api/admin/suppliers
[23-May-2026 07:32:36 UTC] Method: GET, URI: /api/products, Params: api/products
[23-May-2026 07:32:37 UTC] Method: GET, URI: /api/reports/low-stock, Params: api/reports/low-stock
[23-May-2026 07:32:37 UTC] Method: GET, URI: /api/products, Params: api/products
[23-May-2026 07:32:37 UTC] Method: GET, URI: /api/admin/suppliers, Params: api/admin/suppliers
[23-May-2026 07:32:37 UTC] Method: GET, URI: /api/reports/stock-levels, Params: api/reports/stock-levels
[23-May-2026 07:32:39 UTC] Method: GET, URI: /api/products, Params: api/products
[23-May-2026 07:32:41 UTC] Method: GET, URI: /api/admin/suppliers, Params: api/admin/suppliers
[23-May-2026 07:32:42 UTC] Method: GET, URI: /api/reports/stock-levels, Params: api/reports/stock-levels
[23-May-2026 07:32:42 UTC] Method: GET, URI: /api/admin/suppliers, Params: api/admin/suppliers
[23-May-2026 07:32:42 UTC] Method: GET, URI: /api/products, Params: api/products
[23-May-2026 07:32:42 UTC] Method: GET, URI: /api/reports/low-stock, Params: api/reports/low-stock
[23-May-2026 07:32:42 UTC] Method: GET, URI: /api/products, Params: api/products
[23-May-2026 07:32:42 UTC] Method: GET, URI: /api/admin/suppliers, Params: api/admin/suppliers
[23-May-2026 07:32:47 UTC] Method: GET, URI: /api/products, Params: api/products
[23-May-2026 07:32:47 UTC] Method: GET, URI: /api/reports/low-stock, Params: api/reports/low-stock
[23-May-2026 07:32:47 UTC] Method: GET, URI: /api/reports/stock-levels, Params: api/reports/stock-levels
[23-May-2026 07:32:47 UTC] Method: GET, URI: /api/admin/suppliers, Params: api/admin/suppliers
[23-May-2026 07:32:47 UTC] Method: GET, URI: /api/products, Params: api/products
[23-May-2026 07:32:49 UTC] Method: GET, URI: /api/admin/suppliers, Params: api/admin/suppliers
[23-May-2026 07:32:49 UTC] Method: GET, URI: /api/products, Params: api/products
[23-May-2026 07:32:49 UTC] Method: GET, URI: /api/reports/low-stock, Params: api/reports/low-stock
[23-May-2026 07:32:49 UTC] Method: GET, URI: /api/reports/stock-levels, Params: api/reports/stock-levels
[23-May-2026 07:32:49 UTC] Method: GET, URI: /api/admin/suppliers, Params: api/admin/suppliers
[23-May-2026 07:32:49 UTC] Method: GET, URI: /api/products, Params: api/products
[23-May-2026 07:32:54 UTC] Method: GET, URI: /api/products, Params: api/products
[23-May-2026 07:32:55 UTC] Method: GET, URI: /api/products, Params: api/products
[23-May-2026 07:32:55 UTC] Method: GET, URI: /api/reports/low-stock, Params: api/reports/low-stock
[23-May-2026 07:32:55 UTC] Method: GET, URI: /api/admin/suppliers, Params: api/admin/suppliers
[23-May-2026 07:32:55 UTC] Method: GET, URI: /api/reports/stock-levels, Params: api/reports/stock-levels
[23-May-2026 07:32:58 UTC] Method: GET, URI: /api/products, Params: api/products
[23-May-2026 07:33:00 UTC] Method: GET, URI: /api/products, Params: api/products
[23-May-2026 07:33:00 UTC] Method: GET, URI: /api/reports/low-stock, Params: api/reports/low-stock
[23-May-2026 07:33:00 UTC] Method: GET, URI: /api/reports/stock-levels, Params: api/reports/stock-levels
[23-May-2026 07:33:00 UTC] Method: GET, URI: /api/admin/suppliers, Params: api/admin/suppliers
[23-May-2026 07:33:02 UTC] Method: GET, URI: /api/products, Params: api/products
[23-May-2026 07:33:03 UTC] Method: GET, URI: /api/products, Params: api/products
[23-May-2026 07:33:03 UTC] Method: GET, URI: /api/admin/suppliers, Params: api/admin/suppliers
[23-May-2026 07:33:03 UTC] Method: GET, URI: /api/reports/low-stock, Params: api/reports/low-stock
[23-May-2026 07:33:03 UTC] Method: GET, URI: /api/reports/stock-levels, Params: api/reports/stock-levels
[23-May-2026 07:33:03 UTC] Method: GET, URI: /api/products, Params: api/products
[23-May-2026 07:33:03 UTC] Method: GET, URI: /api/admin/suppliers, Params: api/admin/suppliers
[23-May-2026 07:33:07 UTC] Method: GET, URI: /api/products, Params: api/products
[23-May-2026 07:33:09 UTC] Method: GET, URI: /api/products, Params: api/products
[23-May-2026 07:33:09 UTC] Method: GET, URI: /api/admin/suppliers, Params: api/admin/suppliers
[23-May-2026 07:33:09 UTC] Method: GET, URI: /api/reports/low-stock, Params: api/reports/low-stock
[23-May-2026 07:33:09 UTC] Method: GET, URI: /api/reports/stock-levels, Params: api/reports/stock-levels
[23-May-2026 07:33:09 UTC] Method: GET, URI: /api/products, Params: api/products
[23-May-2026 07:33:09 UTC] Method: GET, URI: /api/reports/low-stock, Params: api/reports/low-stock
[23-May-2026 07:33:09 UTC] Method: GET, URI: /api/reports/stock-levels, Params: api/reports/stock-levels
[23-May-2026 07:33:09 UTC] Method: GET, URI: /api/admin/suppliers, Params: api/admin/suppliers
[23-May-2026 07:33:13 UTC] Method: GET, URI: /api/reports/stock-levels, Params: api/reports/stock-levels
[23-May-2026 07:33:13 UTC] Method: GET, URI: /api/products, Params: api/products
[23-May-2026 07:33:14 UTC] Method: GET, URI: /api/reports/stock-levels, Params: api/reports/stock-levels
[23-May-2026 07:33:14 UTC] Method: GET, URI: /api/admin/suppliers, Params: api/admin/suppliers
[23-May-2026 07:33:14 UTC] Method: GET, URI: /api/reports/low-stock, Params: api/reports/low-stock
[23-May-2026 07:33:14 UTC] Method: GET, URI: /api/products, Params: api/products
[23-May-2026 07:33:17 UTC] Method: GET, URI: /api/admin/suppliers, Params: api/admin/suppliers
[23-May-2026 07:33:18 UTC] Method: GET, URI: /api/products, Params: api/products
[23-May-2026 07:33:18 UTC] Method: GET, URI: /api/admin/suppliers, Params: api/admin/suppliers
[23-May-2026 07:33:19 UTC] Method: GET, URI: /api/admin/suppliers, Params: api/admin/suppliers
[23-May-2026 07:33:19 UTC] Method: GET, URI: /api/reports/low-stock, Params: api/reports/low-stock
[23-May-2026 07:33:19 UTC] Method: GET, URI: /api/products, Params: api/products
[23-May-2026 07:33:19 UTC] Method: GET, URI: /api/reports/stock-levels, Params: api/reports/stock-levels
[23-May-2026 07:33:22 UTC] Method: GET, URI: /api/products, Params: api/products
[23-May-2026 07:33:24 UTC] Method: GET, URI: /api/reports/low-stock, Params: api/reports/low-stock
[23-May-2026 07:33:24 UTC] Method: GET, URI: /api/reports/stock-levels, Params: api/reports/stock-levels
[23-May-2026 07:33:24 UTC] Method: GET, URI: /api/products, Params: api/products
[23-May-2026 07:33:24 UTC] Method: GET, URI: /api/admin/suppliers, Params: api/admin/suppliers
[23-May-2026 07:33:26 UTC] Method: GET, URI: /api/products, Params: api/products
[23-May-2026 07:33:29 UTC] Method: GET, URI: /api/users/profile, Params: api/users/profile
[23-May-2026 07:33:29 UTC] Method: GET, URI: /api/products, Params: api/products
[23-May-2026 07:33:29 UTC] Method: GET, URI: /api/admin/suppliers, Params: api/admin/suppliers
[23-May-2026 07:33:29 UTC] Method: GET, URI: /api/reports/low-stock, Params: api/reports/low-stock
[23-May-2026 07:33:29 UTC] Method: GET, URI: /api/reports/stock-levels, Params: api/reports/stock-levels
[23-May-2026 07:33:31 UTC] Method: GET, URI: /api/reports/stock-levels, Params: api/reports/stock-levels
[23-May-2026 07:33:31 UTC] Method: GET, URI: /api/reports/low-stock, Params: api/reports/low-stock
[23-May-2026 07:33:32 UTC] Method: GET, URI: /api/reports/stock-levels, Params: api/reports/stock-levels
[23-May-2026 07:33:32 UTC] Method: GET, URI: /api/products, Params: api/products
[23-May-2026 07:33:33 UTC] Method: GET, URI: /api/admin/suppliers, Params: api/admin/suppliers
[23-May-2026 07:33:39 UTC] Method: GET, URI: /api/admin/suppliers, Params: api/admin/suppliers
[23-May-2026 07:33:45 UTC] Method: GET, URI: /api/admin/suppliers, Params: api/admin/suppliers
[23-May-2026 07:33:51 UTC] Method: GET, URI: /api/admin/suppliers, Params: api/admin/suppliers
[23-May-2026 07:33:57 UTC] Method: GET, URI: /api/admin/suppliers, Params: api/admin/suppliers
[23-May-2026 07:34:03 UTC] Method: GET, URI: /api/admin/suppliers, Params: api/admin/suppliers
[23-May-2026 07:34:09 UTC] Method: GET, URI: /api/admin/suppliers, Params: api/admin/suppliers
[23-May-2026 07:34:15 UTC] Method: GET, URI: /api/admin/suppliers, Params: api/admin/suppliers
[23-May-2026 07:34:21 UTC] Method: GET, URI: /api/admin/suppliers, Params: api/admin/suppliers
[23-May-2026 07:34:23 UTC] Method: GET, URI: /api/admin/suppliers, Params: api/admin/suppliers
[23-May-2026 07:34:23 UTC] Method: GET, URI: /api/products, Params: api/products
[23-May-2026 07:34:23 UTC] Method: GET, URI: /api/reports/low-stock, Params: api/reports/low-stock
[23-May-2026 07:34:23 UTC] Method: GET, URI: /api/reports/stock-levels, Params: api/reports/stock-levels
[23-May-2026 07:34:27 UTC] Method: GET, URI: /api/admin/suppliers, Params: api/admin/suppliers
[23-May-2026 07:52:41 UTC] Method: GET, URI: /api/admin/suppliers, Params: api/admin/suppliers
[23-May-2026 07:52:41 UTC] Method: GET, URI: /api/products, Params: api/products
[23-May-2026 07:52:41 UTC] Method: GET, URI: /api/reports/low-stock, Params: api/reports/low-stock
[23-May-2026 07:52:41 UTC] Method: GET, URI: /api/reports/stock-levels, Params: api/reports/stock-levels
[23-May-2026 07:52:41 UTC] Method: GET, URI: /api/admin/suppliers, Params: api/admin/suppliers
[23-May-2026 07:52:42 UTC] Method: GET, URI: /api/admin/suppliers, Params: api/admin/suppliers
[23-May-2026 07:52:42 UTC] Method: GET, URI: /api/reports/low-stock, Params: api/reports/low-stock
[23-May-2026 07:52:42 UTC] Method: GET, URI: /api/reports/stock-levels, Params: api/reports/stock-levels
[23-May-2026 07:52:42 UTC] Method: GET, URI: /api/products, Params: api/products
[23-May-2026 07:52:42 UTC] Method: GET, URI: /api/products, Params: api/products
[23-May-2026 07:52:42 UTC] Method: GET, URI: /api/reports/low-stock, Params: api/reports/low-stock
[23-May-2026 07:52:42 UTC] Method: GET, URI: /api/reports/stock-levels, Params: api/reports/stock-levels
[23-May-2026 07:52:42 UTC] Method: GET, URI: /api/admin/suppliers, Params: api/admin/suppliers
[23-May-2026 07:53:43 UTC] Method: GET, URI: /api/reports/low-stock, Params: api/reports/low-stock
[23-May-2026 07:53:43 UTC] Method: GET, URI: /api/reports/stock-levels, Params: api/reports/stock-levels
[23-May-2026 07:53:43 UTC] Method: GET, URI: /api/products, Params: api/products
[23-May-2026 07:53:43 UTC] Method: GET, URI: /api/admin/suppliers, Params: api/admin/suppliers
[23-May-2026 07:53:44 UTC] Method: GET, URI: /api/reports/low-stock, Params: api/reports/low-stock
[23-May-2026 07:53:44 UTC] Method: GET, URI: /api/reports/stock-levels, Params: api/reports/stock-levels
[23-May-2026 07:53:44 UTC] Method: GET, URI: /api/products, Params: api/products
[23-May-2026 07:53:44 UTC] Method: GET, URI: /api/admin/suppliers, Params: api/admin/suppliers
[23-May-2026 07:53:44 UTC] Method: GET, URI: /api/admin/suppliers, Params: api/admin/suppliers
[23-May-2026 07:53:44 UTC] Method: GET, URI: /api/products, Params: api/products
[23-May-2026 07:53:44 UTC] Method: GET, URI: /api/reports/low-stock, Params: api/reports/low-stock
[23-May-2026 07:53:44 UTC] Method: GET, URI: /api/admin/suppliers, Params: api/admin/suppliers
[23-May-2026 07:53:44 UTC] Method: GET, URI: /api/products, Params: api/products
[23-May-2026 07:53:44 UTC] Method: GET, URI: /api/reports/low-stock, Params: api/reports/low-stock
[23-May-2026 07:53:44 UTC] Method: GET, URI: /api/reports/stock-levels, Params: api/reports/stock-levels
[23-May-2026 07:53:44 UTC] Method: GET, URI: /api/products, Params: api/products
[23-May-2026 07:53:44 UTC] Method: GET, URI: /api/reports/low-stock, Params: api/reports/low-stock
[23-May-2026 07:53:44 UTC] Method: GET, URI: /api/admin/suppliers, Params: api/admin/suppliers
[23-May-2026 07:53:44 UTC] Method: GET, URI: /api/reports/stock-levels, Params: api/reports/stock-levels
[23-May-2026 07:53:49 UTC] Method: GET, URI: /api/admin/suppliers, Params: api/admin/suppliers
[23-May-2026 07:53:49 UTC] Method: GET, URI: /api/reports/low-stock, Params: api/reports/low-stock
[23-May-2026 07:53:49 UTC] Method: GET, URI: /api/products, Params: api/products
[23-May-2026 07:53:49 UTC] Method: GET, URI: /api/reports/stock-levels, Params: api/reports/stock-levels
[23-May-2026 07:53:50 UTC] Method: GET, URI: /api/reports/low-stock, Params: api/reports/low-stock
[23-May-2026 07:53:50 UTC] Method: GET, URI: /api/reports/stock-levels, Params: api/reports/stock-levels
[23-May-2026 07:53:50 UTC] Method: GET, URI: /api/products, Params: api/products
[23-May-2026 07:53:50 UTC] Method: GET, URI: /api/admin/suppliers, Params: api/admin/suppliers
[23-May-2026 07:53:54 UTC] Method: GET, URI: /api/products, Params: api/products
[23-May-2026 07:53:54 UTC] Method: GET, URI: /api/reports/low-stock, Params: api/reports/low-stock
[23-May-2026 07:53:54 UTC] Method: GET, URI: /api/reports/stock-levels, Params: api/reports/stock-levels
[23-May-2026 07:53:54 UTC] Method: GET, URI: /api/admin/suppliers, Params: api/admin/suppliers
[23-May-2026 07:53:54 UTC] Method: GET, URI: /api/products, Params: api/products
[23-May-2026 07:53:54 UTC] Method: GET, URI: /api/admin/suppliers, Params: api/admin/suppliers
[23-May-2026 07:53:55 UTC] Method: GET, URI: /api/products, Params: api/products
[23-May-2026 07:53:55 UTC] Method: GET, URI: /api/reports/stock-levels, Params: api/reports/stock-levels
[23-May-2026 07:53:55 UTC] Method: GET, URI: /api/reports/low-stock, Params: api/reports/low-stock
[23-May-2026 07:53:55 UTC] Method: GET, URI: /api/admin/suppliers, Params: api/admin/suppliers
[23-May-2026 07:53:57 UTC] Method: GET, URI: /api/admin/suppliers, Params: api/admin/suppliers
[23-May-2026 07:53:58 UTC] Method: GET, URI: /api/products, Params: api/products
[23-May-2026 07:53:58 UTC] Method: GET, URI: /api/reports/stock-levels, Params: api/reports/stock-levels
[23-May-2026 07:53:59 UTC] Method: GET, URI: /api/reports/low-stock, Params: api/reports/low-stock
[23-May-2026 07:53:59 UTC] Method: GET, URI: /api/reports/stock-levels, Params: api/reports/stock-levels
[23-May-2026 07:54:00 UTC] Method: GET, URI: /api/products, Params: api/products
[23-May-2026 07:54:00 UTC] Method: GET, URI: /api/admin/suppliers, Params: api/admin/suppliers
[23-May-2026 07:54:00 UTC] Method: GET, URI: /api/reports/stock-levels, Params: api/reports/stock-levels
[23-May-2026 07:54:00 UTC] Method: GET, URI: /api/reports/low-stock, Params: api/reports/low-stock
[23-May-2026 07:54:01 UTC] Method: GET, URI: /api/admin/suppliers, Params: api/admin/suppliers
[23-May-2026 07:54:01 UTC] Method: GET, URI: /api/products, Params: api/products
[23-May-2026 07:54:05 UTC] Method: GET, URI: /api/products, Params: api/products
[23-May-2026 07:54:05 UTC] Method: GET, URI: /api/admin/suppliers, Params: api/admin/suppliers
[23-May-2026 07:54:05 UTC] Method: GET, URI: /api/reports/stock-levels, Params: api/reports/stock-levels
[23-May-2026 07:54:05 UTC] Method: GET, URI: /api/reports/low-stock, Params: api/reports/low-stock
[23-May-2026 07:54:13 UTC] Method: POST, URI: /api/auth/login, Params: api/auth/login
[23-May-2026 07:54:13 UTC] Method: GET, URI: /api/products, Params: api/products
[23-May-2026 07:54:13 UTC] Method: GET, URI: /api/reports/low-stock, Params: api/reports/low-stock
[23-May-2026 07:54:13 UTC] Method: GET, URI: /api/reports/stock-levels, Params: api/reports/stock-levels
[23-May-2026 07:54:15 UTC] Method: GET, URI: /api/products, Params: api/products
[23-May-2026 07:54:19 UTC] Method: GET, URI: /api/reports/stock-levels, Params: api/reports/stock-levels
[23-May-2026 07:54:19 UTC] Method: GET, URI: /api/products, Params: api/products
[23-May-2026 07:54:20 UTC] Method: GET, URI: /api/reports/low-stock, Params: api/reports/low-stock
[23-May-2026 07:54:20 UTC] Method: GET, URI: /api/reports/stock-levels, Params: api/reports/stock-levels
[23-May-2026 07:54:22 UTC] Method: GET, URI: /api/users/profile, Params: api/users/profile
[24-May-2026 01:10:40 UTC] Method: POST, URI: /api/auth/login, Params: api/auth/login
[24-May-2026 01:10:40 UTC] Method: GET, URI: /api/products, Params: api/products
[24-May-2026 01:10:40 UTC] Method: GET, URI: /api/reports/stock-levels, Params: api/reports/stock-levels
[24-May-2026 01:10:40 UTC] Method: GET, URI: /api/reports/low-stock, Params: api/reports/low-stock
[24-May-2026 01:10:43 UTC] Method: GET, URI: /api/reports/stock-levels, Params: api/reports/stock-levels
[24-May-2026 01:10:43 UTC] Method: GET, URI: /api/reports/low-stock, Params: api/reports/low-stock
[24-May-2026 01:10:47 UTC] Method: GET, URI: /api/products, Params: api/products
[24-May-2026 01:10:49 UTC] Method: GET, URI: /api/reports/stock-levels, Params: api/reports/stock-levels
[24-May-2026 01:10:49 UTC] Method: GET, URI: /api/products, Params: api/products
[24-May-2026 01:10:54 UTC] Method: GET, URI: /api/reports/stock-levels, Params: api/reports/stock-levels
[24-May-2026 01:10:59 UTC] Method: GET, URI: /api/reports/stock-levels, Params: api/reports/stock-levels
[24-May-2026 01:11:04 UTC] Method: GET, URI: /api/reports/stock-levels, Params: api/reports/stock-levels
[24-May-2026 01:11:14 UTC] Method: POST, URI: /api/auth/login, Params: api/auth/login
[24-May-2026 01:11:14 UTC] Method: GET, URI: /api/products, Params: api/products
[24-May-2026 01:11:14 UTC] Method: GET, URI: /api/reports/low-stock, Params: api/reports/low-stock
[24-May-2026 01:11:14 UTC] Method: GET, URI: /api/reports/stock-levels, Params: api/reports/stock-levels
[24-May-2026 01:11:14 UTC] Method: GET, URI: /api/admin/suppliers, Params: api/admin/suppliers
[24-May-2026 01:11:19 UTC] Method: GET, URI: /api/reports/low-stock, Params: api/reports/low-stock
[24-May-2026 01:11:19 UTC] Method: GET, URI: /api/products, Params: api/products
[24-May-2026 01:11:19 UTC] Method: GET, URI: /api/reports/stock-levels, Params: api/reports/stock-levels
[24-May-2026 01:11:19 UTC] Method: GET, URI: /api/admin/suppliers, Params: api/admin/suppliers
[24-May-2026 01:11:21 UTC] Method: GET, URI: /api/products, Params: api/products
[24-May-2026 01:11:21 UTC] Method: GET, URI: /api/admin/suppliers, Params: api/admin/suppliers
[24-May-2026 01:11:23 UTC] Method: GET, URI: /api/admin/suppliers, Params: api/admin/suppliers
[24-May-2026 01:11:24 UTC] Method: GET, URI: /api/products, Params: api/products
[24-May-2026 01:11:24 UTC] Method: GET, URI: /api/reports/stock-levels, Params: api/reports/stock-levels
[24-May-2026 01:11:28 UTC] Method: GET, URI: /api/reports/low-stock, Params: api/reports/low-stock
[24-May-2026 01:11:28 UTC] Method: GET, URI: /api/reports/stock-levels, Params: api/reports/stock-levels
[24-May-2026 01:11:32 UTC] Method: GET, URI: /api/reports/low-stock, Params: api/reports/low-stock
[24-May-2026 01:11:32 UTC] Method: GET, URI: /api/products, Params: api/products
[24-May-2026 01:11:32 UTC] Method: GET, URI: /api/admin/suppliers, Params: api/admin/suppliers
[24-May-2026 01:11:32 UTC] Method: GET, URI: /api/reports/stock-levels, Params: api/reports/stock-levels
[24-May-2026 01:43:54 UTC] Method: GET, URI: /api/reports/stock-levels, Params: api/reports/stock-levels
[24-May-2026 01:43:54 UTC] Method: GET, URI: /api/admin/suppliers, Params: api/admin/suppliers
[24-May-2026 01:43:54 UTC] Method: GET, URI: /api/products, Params: api/products
[24-May-2026 01:43:54 UTC] Method: GET, URI: /api/reports/low-stock, Params: api/reports/low-stock
[24-May-2026 01:43:54 UTC] Method: GET, URI: /api/products, Params: api/products
[24-May-2026 01:43:54 UTC] Method: GET, URI: /api/reports/low-stock, Params: api/reports/low-stock
[24-May-2026 01:43:57 UTC] Method: GET, URI: /api/reports/low-stock, Params: api/reports/low-stock
[24-May-2026 01:43:57 UTC] Method: GET, URI: /api/admin/suppliers, Params: api/admin/suppliers
[24-May-2026 01:43:57 UTC] Method: GET, URI: /api/reports/stock-levels, Params: api/reports/stock-levels
[24-May-2026 01:43:57 UTC] Method: GET, URI: /api/products, Params: api/products
[24-May-2026 01:43:57 UTC] Method: GET, URI: /api/products, Params: api/products
[24-May-2026 01:43:57 UTC] Method: GET, URI: /api/admin/suppliers, Params: api/admin/suppliers
[24-May-2026 01:44:01 UTC] Method: GET, URI: /api/products, Params: api/products
[24-May-2026 01:44:03 UTC] Method: GET, URI: /api/admin/suppliers, Params: api/admin/suppliers
[24-May-2026 01:44:05 UTC] Method: GET, URI: /api/products, Params: api/products
[24-May-2026 01:44:05 UTC] Method: GET, URI: /api/admin/suppliers, Params: api/admin/suppliers
[24-May-2026 01:44:08 UTC] Method: GET, URI: /api/reports/stock-levels, Params: api/reports/stock-levels
[24-May-2026 01:44:08 UTC] Method: GET, URI: /api/products, Params: api/products
[24-May-2026 01:45:59 UTC] Method: POST, URI: /api/auth/register, Params: api/auth/register
[24-May-2026 01:46:16 UTC] Method: POST, URI: /api/auth/login, Params: api/auth/login
[24-May-2026 01:46:17 UTC] Method: GET, URI: /api/products, Params: api/products
[24-May-2026 01:46:17 UTC] Method: GET, URI: /api/reports/stock-levels, Params: api/reports/stock-levels
[24-May-2026 01:46:17 UTC] Method: GET, URI: /api/reports/low-stock, Params: api/reports/low-stock
[24-May-2026 01:46:22 UTC] Method: GET, URI: /api/reports/stock-levels, Params: api/reports/stock-levels
[24-May-2026 01:46:22 UTC] Method: GET, URI: /api/products, Params: api/products
[24-May-2026 01:46:22 UTC] Method: GET, URI: /api/reports/low-stock, Params: api/reports/low-stock
[24-May-2026 01:46:27 UTC] Method: GET, URI: /api/reports/stock-levels, Params: api/reports/stock-levels
[24-May-2026 01:46:27 UTC] Method: GET, URI: /api/products, Params: api/products
[24-May-2026 01:46:27 UTC] Method: GET, URI: /api/reports/low-stock, Params: api/reports/low-stock
[24-May-2026 01:46:32 UTC] Method: GET, URI: /api/products, Params: api/products
[24-May-2026 01:46:32 UTC] Method: GET, URI: /api/reports/stock-levels, Params: api/reports/stock-levels
[24-May-2026 01:46:32 UTC] Method: GET, URI: /api/reports/low-stock, Params: api/reports/low-stock
[24-May-2026 01:46:35 UTC] Method: GET, URI: /api/products, Params: api/products
[24-May-2026 01:46:39 UTC] Method: GET, URI: /api/reports/stock-levels, Params: api/reports/stock-levels
[24-May-2026 01:46:39 UTC] Method: GET, URI: /api/products, Params: api/products
[24-May-2026 01:46:43 UTC] Method: GET, URI: /api/products, Params: api/products
[24-May-2026 01:46:47 UTC] Method: GET, URI: /api/products, Params: api/products
[24-May-2026 01:46:47 UTC] Method: GET, URI: /api/reports/low-stock, Params: api/reports/low-stock
[24-May-2026 01:46:47 UTC] Method: GET, URI: /api/reports/stock-levels, Params: api/reports/stock-levels
[24-May-2026 01:46:52 UTC] Method: GET, URI: /api/reports/low-stock, Params: api/reports/low-stock
[24-May-2026 01:46:52 UTC] Method: GET, URI: /api/reports/stock-levels, Params: api/reports/stock-levels
[24-May-2026 01:46:53 UTC] Method: GET, URI: /api/users/profile, Params: api/users/profile
[24-May-2026 01:47:04 UTC] Method: POST, URI: /api/auth/login, Params: api/auth/login
[24-May-2026 01:47:04 UTC] Method: GET, URI: /api/products, Params: api/products
[24-May-2026 01:47:04 UTC] Method: GET, URI: /api/reports/stock-levels, Params: api/reports/stock-levels
[24-May-2026 01:47:04 UTC] Method: GET, URI: /api/admin/suppliers, Params: api/admin/suppliers
[24-May-2026 01:47:04 UTC] Method: GET, URI: /api/reports/low-stock, Params: api/reports/low-stock
[24-May-2026 01:47:09 UTC] Method: GET, URI: /api/reports/low-stock, Params: api/reports/low-stock
[24-May-2026 01:47:09 UTC] Method: GET, URI: /api/admin/suppliers, Params: api/admin/suppliers
[24-May-2026 01:47:09 UTC] Method: GET, URI: /api/reports/stock-levels, Params: api/reports/stock-levels
[24-May-2026 01:47:09 UTC] Method: GET, URI: /api/products, Params: api/products
[24-May-2026 01:47:10 UTC] Method: GET, URI: /api/admin/suppliers, Params: api/admin/suppliers
[24-May-2026 01:47:16 UTC] Method: GET, URI: /api/admin/suppliers, Params: api/admin/suppliers
[24-May-2026 01:47:22 UTC] Method: GET, URI: /api/admin/suppliers, Params: api/admin/suppliers
[24-May-2026 01:47:28 UTC] Method: GET, URI: /api/admin/suppliers, Params: api/admin/suppliers
[24-May-2026 01:47:34 UTC] Method: GET, URI: /api/admin/suppliers, Params: api/admin/suppliers
[24-May-2026 01:47:40 UTC] Method: GET, URI: /api/admin/suppliers, Params: api/admin/suppliers
[24-May-2026 01:47:42 UTC] Method: POST, URI: /api/suppliers, Params: api/suppliers
[24-May-2026 01:47:42 UTC] Method: GET, URI: /api/admin/suppliers, Params: api/admin/suppliers
[24-May-2026 01:47:46 UTC] Method: GET, URI: /api/admin/suppliers, Params: api/admin/suppliers
[24-May-2026 01:47:47 UTC] Method: GET, URI: /api/admin/suppliers, Params: api/admin/suppliers
[24-May-2026 01:47:47 UTC] Method: GET, URI: /api/products, Params: api/products
[24-May-2026 01:47:51 UTC] Method: GET, URI: /api/products, Params: api/products
[24-May-2026 01:47:55 UTC] Method: GET, URI: /api/products, Params: api/products
[24-May-2026 01:47:59 UTC] Method: GET, URI: /api/products, Params: api/products
[24-May-2026 01:48:03 UTC] Method: GET, URI: /api/products, Params: api/products
[24-May-2026 01:48:07 UTC] Method: GET, URI: /api/products, Params: api/products
[24-May-2026 01:48:11 UTC] Method: GET, URI: /api/products, Params: api/products
[24-May-2026 01:48:15 UTC] Method: GET, URI: /api/products, Params: api/products
[24-May-2026 01:48:19 UTC] Method: GET, URI: /api/products, Params: api/products
[24-May-2026 01:48:23 UTC] Method: GET, URI: /api/products, Params: api/products
[24-May-2026 01:48:24 UTC] Method: POST, URI: /api/products, Params: api/products
[24-May-2026 01:48:24 UTC] Method: GET, URI: /api/products, Params: api/products
[24-May-2026 01:48:27 UTC] Method: GET, URI: /api/products, Params: api/products
[24-May-2026 01:48:31 UTC] Method: GET, URI: /api/products, Params: api/products
[24-May-2026 01:48:35 UTC] Method: GET, URI: /api/reports/stock-levels, Params: api/reports/stock-levels
[24-May-2026 01:48:35 UTC] Method: GET, URI: /api/products, Params: api/products
[24-May-2026 01:48:40 UTC] Method: GET, URI: /api/reports/stock-levels, Params: api/reports/stock-levels
[24-May-2026 01:48:45 UTC] Method: GET, URI: /api/reports/stock-levels, Params: api/reports/stock-levels
[24-May-2026 01:48:50 UTC] Method: GET, URI: /api/reports/stock-levels, Params: api/reports/stock-levels
[24-May-2026 01:48:55 UTC] Method: GET, URI: /api/reports/stock-levels, Params: api/reports/stock-levels
[24-May-2026 01:49:00 UTC] Method: GET, URI: /api/reports/stock-levels, Params: api/reports/stock-levels
[24-May-2026 01:49:05 UTC] Method: GET, URI: /api/reports/stock-levels, Params: api/reports/stock-levels
[24-May-2026 01:49:10 UTC] Method: GET, URI: /api/reports/stock-levels, Params: api/reports/stock-levels
[24-May-2026 01:49:15 UTC] Method: GET, URI: /api/reports/stock-levels, Params: api/reports/stock-levels
[24-May-2026 01:49:20 UTC] Method: GET, URI: /api/reports/stock-levels, Params: api/reports/stock-levels
[24-May-2026 01:49:25 UTC] Method: GET, URI: /api/reports/stock-levels, Params: api/reports/stock-levels
[24-May-2026 01:49:30 UTC] Method: GET, URI: /api/reports/stock-levels, Params: api/reports/stock-levels
[24-May-2026 01:49:34 UTC] Method: POST, URI: /api/stock/update, Params: api/stock/update
[24-May-2026 01:49:34 UTC] Method: GET, URI: /api/reports/stock-levels, Params: api/reports/stock-levels
[24-May-2026 01:49:35 UTC] Method: GET, URI: /api/reports/stock-levels, Params: api/reports/stock-levels
[24-May-2026 01:49:38 UTC] Method: GET, URI: /api/reports/stock-levels, Params: api/reports/stock-levels
[24-May-2026 01:49:38 UTC] Method: GET, URI: /api/reports/low-stock, Params: api/reports/low-stock
[24-May-2026 01:49:43 UTC] Method: GET, URI: /api/reports/stock-levels, Params: api/reports/stock-levels
[24-May-2026 01:49:43 UTC] Method: GET, URI: /api/reports/low-stock, Params: api/reports/low-stock
[24-May-2026 01:49:46 UTC] Method: GET, URI: /api/users/profile, Params: api/users/profile
[24-May-2026 01:52:52 UTC] Method: POST, URI: /api/auth/login, Params: api/auth/login
[24-May-2026 01:52:53 UTC] Method: GET, URI: /api/products, Params: api/products
[24-May-2026 01:52:53 UTC] Method: GET, URI: /api/reports/low-stock, Params: api/reports/low-stock
[24-May-2026 01:52:53 UTC] Method: GET, URI: /api/reports/stock-levels, Params: api/reports/stock-levels
[24-May-2026 01:52:58 UTC] Method: GET, URI: /api/products, Params: api/products
[24-May-2026 01:52:58 UTC] Method: GET, URI: /api/reports/low-stock, Params: api/reports/low-stock
[24-May-2026 01:52:58 UTC] Method: GET, URI: /api/reports/stock-levels, Params: api/reports/stock-levels
[24-May-2026 01:53:02 UTC] Method: GET, URI: /api/reports/low-stock, Params: api/reports/low-stock
[24-May-2026 01:53:02 UTC] Method: GET, URI: /api/reports/stock-levels, Params: api/reports/stock-levels
[24-May-2026 01:53:02 UTC] Method: GET, URI: /api/products, Params: api/products
[24-May-2026 01:53:05 UTC] Method: GET, URI: /api/products, Params: api/products
[24-May-2026 01:53:09 UTC] Method: GET, URI: /api/products, Params: api/products
[24-May-2026 01:53:11 UTC] Method: GET, URI: /api/products, Params: api/products
[24-May-2026 01:53:11 UTC] Method: GET, URI: /api/reports/stock-levels, Params: api/reports/stock-levels
[24-May-2026 01:53:16 UTC] Method: GET, URI: /api/reports/stock-levels, Params: api/reports/stock-levels
[24-May-2026 01:53:21 UTC] Method: GET, URI: /api/reports/stock-levels, Params: api/reports/stock-levels
[24-May-2026 01:53:26 UTC] Method: GET, URI: /api/reports/stock-levels, Params: api/reports/stock-levels
[24-May-2026 01:53:31 UTC] Method: GET, URI: /api/reports/stock-levels, Params: api/reports/stock-levels
[24-May-2026 01:53:31 UTC] Method: POST, URI: /api/stock/update, Params: api/stock/update
[24-May-2026 01:53:32 UTC] Method: GET, URI: /api/reports/stock-levels, Params: api/reports/stock-levels
[24-May-2026 01:53:36 UTC] Method: GET, URI: /api/reports/stock-levels, Params: api/reports/stock-levels
[24-May-2026 01:53:41 UTC] Method: GET, URI: /api/reports/stock-levels, Params: api/reports/stock-levels
[24-May-2026 01:53:46 UTC] Method: GET, URI: /api/reports/stock-levels, Params: api/reports/stock-levels
[24-May-2026 01:53:51 UTC] Method: GET, URI: /api/reports/stock-levels, Params: api/reports/stock-levels
[24-May-2026 01:53:57 UTC] Method: GET, URI: /api/reports/stock-levels, Params: api/reports/stock-levels
[24-May-2026 01:54:02 UTC] Method: GET, URI: /api/reports/stock-levels, Params: api/reports/stock-levels
[24-May-2026 01:54:07 UTC] Method: GET, URI: /api/reports/stock-levels, Params: api/reports/stock-levels
[24-May-2026 01:54:11 UTC] Method: GET, URI: /api/reports/stock-levels, Params: api/reports/stock-levels
[24-May-2026 01:54:16 UTC] Method: GET, URI: /api/reports/stock-levels, Params: api/reports/stock-levels
[24-May-2026 01:54:21 UTC] Method: GET, URI: /api/reports/stock-levels, Params: api/reports/stock-levels
[24-May-2026 01:54:26 UTC] Method: GET, URI: /api/reports/stock-levels, Params: api/reports/stock-levels
[24-May-2026 01:54:31 UTC] Method: GET, URI: /api/reports/stock-levels, Params: api/reports/stock-levels
[24-May-2026 01:54:36 UTC] Method: GET, URI: /api/reports/stock-levels, Params: api/reports/stock-levels
[24-May-2026 01:54:41 UTC] Method: GET, URI: /api/reports/stock-levels, Params: api/reports/stock-levels
[24-May-2026 01:54:46 UTC] Method: GET, URI: /api/reports/stock-levels, Params: api/reports/stock-levels
[24-May-2026 01:54:51 UTC] Method: GET, URI: /api/reports/stock-levels, Params: api/reports/stock-levels
[24-May-2026 01:54:56 UTC] Method: GET, URI: /api/reports/stock-levels, Params: api/reports/stock-levels
[24-May-2026 01:55:01 UTC] Method: GET, URI: /api/reports/stock-levels, Params: api/reports/stock-levels
[24-May-2026 01:55:06 UTC] Method: GET, URI: /api/reports/stock-levels, Params: api/reports/stock-levels
[24-May-2026 01:55:11 UTC] Method: GET, URI: /api/reports/stock-levels, Params: api/reports/stock-levels
[24-May-2026 01:55:16 UTC] Method: GET, URI: /api/reports/stock-levels, Params: api/reports/stock-levels
[24-May-2026 01:55:21 UTC] Method: GET, URI: /api/reports/stock-levels, Params: api/reports/stock-levels
[24-May-2026 01:55:26 UTC] Method: GET, URI: /api/reports/stock-levels, Params: api/reports/stock-levels
[24-May-2026 01:55:31 UTC] Method: GET, URI: /api/reports/stock-levels, Params: api/reports/stock-levels
[24-May-2026 01:55:33 UTC] Method: GET, URI: /api/products, Params: api/products
[24-May-2026 01:55:33 UTC] Method: GET, URI: /api/reports/stock-levels, Params: api/reports/stock-levels
[24-May-2026 01:55:33 UTC] Method: GET, URI: /api/reports/low-stock, Params: api/reports/low-stock
[24-May-2026 01:55:38 UTC] Method: GET, URI: /api/products, Params: api/products
[24-May-2026 01:55:38 UTC] Method: GET, URI: /api/reports/low-stock, Params: api/reports/low-stock
[24-May-2026 01:55:38 UTC] Method: GET, URI: /api/reports/stock-levels, Params: api/reports/stock-levels
[24-May-2026 01:55:43 UTC] Method: GET, URI: /api/reports/low-stock, Params: api/reports/low-stock
[24-May-2026 01:55:43 UTC] Method: GET, URI: /api/products, Params: api/products
[24-May-2026 01:55:43 UTC] Method: GET, URI: /api/reports/stock-levels, Params: api/reports/stock-levels
[24-May-2026 01:55:48 UTC] Method: GET, URI: /api/reports/stock-levels, Params: api/reports/stock-levels
[24-May-2026 01:55:48 UTC] Method: GET, URI: /api/products, Params: api/products
[24-May-2026 01:55:48 UTC] Method: GET, URI: /api/reports/low-stock, Params: api/reports/low-stock
[24-May-2026 01:55:53 UTC] Method: GET, URI: /api/products, Params: api/products
[24-May-2026 01:55:53 UTC] Method: GET, URI: /api/reports/stock-levels, Params: api/reports/stock-levels
[24-May-2026 01:55:53 UTC] Method: GET, URI: /api/reports/low-stock, Params: api/reports/low-stock
[24-May-2026 01:55:58 UTC] Method: GET, URI: /api/reports/stock-levels, Params: api/reports/stock-levels
[24-May-2026 01:55:58 UTC] Method: GET, URI: /api/reports/low-stock, Params: api/reports/low-stock
[24-May-2026 01:55:58 UTC] Method: GET, URI: /api/products, Params: api/products
[24-May-2026 01:56:03 UTC] Method: GET, URI: /api/reports/low-stock, Params: api/reports/low-stock
[24-May-2026 01:56:03 UTC] Method: GET, URI: /api/reports/stock-levels, Params: api/reports/stock-levels
[24-May-2026 01:56:03 UTC] Method: GET, URI: /api/products, Params: api/products
[24-May-2026 01:56:08 UTC] Method: GET, URI: /api/reports/stock-levels, Params: api/reports/stock-levels
[24-May-2026 01:56:08 UTC] Method: GET, URI: /api/reports/low-stock, Params: api/reports/low-stock
[24-May-2026 01:56:08 UTC] Method: GET, URI: /api/products, Params: api/products
[24-May-2026 01:56:13 UTC] Method: GET, URI: /api/reports/low-stock, Params: api/reports/low-stock
[24-May-2026 01:56:13 UTC] Method: GET, URI: /api/reports/stock-levels, Params: api/reports/stock-levels
[24-May-2026 01:56:13 UTC] Method: GET, URI: /api/products, Params: api/products
[24-May-2026 01:56:18 UTC] Method: GET, URI: /api/products, Params: api/products
[24-May-2026 01:56:18 UTC] Method: GET, URI: /api/reports/low-stock, Params: api/reports/low-stock
[24-May-2026 01:56:18 UTC] Method: GET, URI: /api/reports/stock-levels, Params: api/reports/stock-levels
[24-May-2026 01:56:23 UTC] Method: GET, URI: /api/reports/stock-levels, Params: api/reports/stock-levels
[24-May-2026 01:56:23 UTC] Method: GET, URI: /api/products, Params: api/products
[24-May-2026 01:56:23 UTC] Method: GET, URI: /api/reports/low-stock, Params: api/reports/low-stock
[24-May-2026 01:56:28 UTC] Method: GET, URI: /api/reports/low-stock, Params: api/reports/low-stock
[24-May-2026 01:56:28 UTC] Method: GET, URI: /api/products, Params: api/products
[24-May-2026 01:56:28 UTC] Method: GET, URI: /api/reports/stock-levels, Params: api/reports/stock-levels
[24-May-2026 01:56:33 UTC] Method: GET, URI: /api/reports/low-stock, Params: api/reports/low-stock
[24-May-2026 01:56:33 UTC] Method: GET, URI: /api/products, Params: api/products
[24-May-2026 01:56:33 UTC] Method: GET, URI: /api/reports/stock-levels, Params: api/reports/stock-levels
[24-May-2026 01:56:38 UTC] Method: GET, URI: /api/reports/stock-levels, Params: api/reports/stock-levels
[24-May-2026 01:56:38 UTC] Method: GET, URI: /api/products, Params: api/products
[24-May-2026 01:56:38 UTC] Method: GET, URI: /api/reports/low-stock, Params: api/reports/low-stock
[24-May-2026 01:56:43 UTC] Method: GET, URI: /api/reports/stock-levels, Params: api/reports/stock-levels
[24-May-2026 01:56:43 UTC] Method: GET, URI: /api/reports/low-stock, Params: api/reports/low-stock
[24-May-2026 01:56:43 UTC] Method: GET, URI: /api/products, Params: api/products
[24-May-2026 01:56:48 UTC] Method: GET, URI: /api/reports/stock-levels, Params: api/reports/stock-levels
[24-May-2026 01:56:48 UTC] Method: GET, URI: /api/reports/low-stock, Params: api/reports/low-stock
[24-May-2026 01:56:48 UTC] Method: GET, URI: /api/products, Params: api/products
[24-May-2026 01:57:18 UTC] Method: GET, URI: /api/products, Params: api/products
[24-May-2026 01:57:18 UTC] Method: GET, URI: /api/reports/low-stock, Params: api/reports/low-stock
[24-May-2026 01:57:18 UTC] Method: GET, URI: /api/reports/stock-levels, Params: api/reports/stock-levels
[24-May-2026 01:58:18 UTC] Method: GET, URI: /api/products, Params: api/products
[24-May-2026 01:58:18 UTC] Method: GET, URI: /api/reports/low-stock, Params: api/reports/low-stock
[24-May-2026 01:58:18 UTC] Method: GET, URI: /api/reports/stock-levels, Params: api/reports/stock-levels
[24-May-2026 01:59:18 UTC] Method: GET, URI: /api/reports/low-stock, Params: api/reports/low-stock
[24-May-2026 01:59:18 UTC] Method: GET, URI: /api/reports/stock-levels, Params: api/reports/stock-levels
[24-May-2026 01:59:18 UTC] Method: GET, URI: /api/products, Params: api/products
[24-May-2026 02:00:18 UTC] Method: GET, URI: /api/products, Params: api/products
[24-May-2026 02:00:18 UTC] Method: GET, URI: /api/reports/stock-levels, Params: api/reports/stock-levels
[24-May-2026 02:00:18 UTC] Method: GET, URI: /api/reports/low-stock, Params: api/reports/low-stock
[24-May-2026 02:01:18 UTC] Method: GET, URI: /api/products, Params: api/products
[24-May-2026 02:01:18 UTC] Method: GET, URI: /api/reports/low-stock, Params: api/reports/low-stock
[24-May-2026 02:01:18 UTC] Method: GET, URI: /api/reports/stock-levels, Params: api/reports/stock-levels
[24-May-2026 02:02:18 UTC] Method: GET, URI: /api/products, Params: api/products
[24-May-2026 02:02:18 UTC] Method: GET, URI: /api/reports/low-stock, Params: api/reports/low-stock
[24-May-2026 02:02:18 UTC] Method: GET, URI: /api/reports/stock-levels, Params: api/reports/stock-levels
[24-May-2026 02:03:18 UTC] Method: GET, URI: /api/products, Params: api/products
[24-May-2026 02:03:18 UTC] Method: GET, URI: /api/reports/stock-levels, Params: api/reports/stock-levels
[24-May-2026 02:03:18 UTC] Method: GET, URI: /api/reports/low-stock, Params: api/reports/low-stock
[24-May-2026 02:04:18 UTC] Method: GET, URI: /api/products, Params: api/products
[24-May-2026 02:04:18 UTC] Method: GET, URI: /api/reports/stock-levels, Params: api/reports/stock-levels
[24-May-2026 02:04:18 UTC] Method: GET, URI: /api/reports/low-stock, Params: api/reports/low-stock
[24-May-2026 02:04:57 UTC] Method: GET, URI: /api/products, Params: api/products
[24-May-2026 02:04:57 UTC] Method: GET, URI: /api/reports/low-stock, Params: api/reports/low-stock
[24-May-2026 02:04:57 UTC] Method: GET, URI: /api/reports/stock-levels, Params: api/reports/stock-levels
[24-May-2026 02:04:57 UTC] Method: GET, URI: /api/reports/low-stock, Params: api/reports/low-stock
[24-May-2026 02:04:57 UTC] Method: GET, URI: /api/reports/stock-levels, Params: api/reports/stock-levels
[24-May-2026 02:04:58 UTC] Method: GET, URI: /api/products, Params: api/products
[24-May-2026 22:43:45 UTC] Method: GET, URI: /api/reports/low-stock, Params: api/reports/low-stock
[24-May-2026 22:43:45 UTC] Method: GET, URI: /api/reports/stock-levels, Params: api/reports/stock-levels
[24-May-2026 22:43:45 UTC] Method: GET, URI: /api/products, Params: api/products
[24-May-2026 22:45:15 UTC] Method: POST, URI: /api/auth/register, Params: api/auth/register
[24-May-2026 22:58:15 UTC] Method: POST, URI: /api/auth/register, Params: api/auth/register
[24-May-2026 22:59:01 UTC] Method: POST, URI: /api/auth/login, Params: api/auth/login
[24-May-2026 22:59:01 UTC] Method: GET, URI: /api/reports/low-stock, Params: api/reports/low-stock
[24-May-2026 22:59:01 UTC] Method: GET, URI: /api/products, Params: api/products
[24-May-2026 22:59:01 UTC] Method: GET, URI: /api/reports/stock-levels, Params: api/reports/stock-levels
[24-May-2026 22:59:06 UTC] Method: GET, URI: /api/reports/low-stock, Params: api/reports/low-stock
[24-May-2026 22:59:06 UTC] Method: GET, URI: /api/reports/stock-levels, Params: api/reports/stock-levels
[24-May-2026 22:59:06 UTC] Method: GET, URI: /api/products, Params: api/products
[24-May-2026 22:59:11 UTC] Method: GET, URI: /api/products, Params: api/products
[24-May-2026 22:59:11 UTC] Method: GET, URI: /api/reports/low-stock, Params: api/reports/low-stock
[24-May-2026 22:59:11 UTC] Method: GET, URI: /api/reports/stock-levels, Params: api/reports/stock-levels
[24-May-2026 22:59:16 UTC] Method: GET, URI: /api/reports/stock-levels, Params: api/reports/stock-levels
[24-May-2026 22:59:16 UTC] Method: GET, URI: /api/reports/low-stock, Params: api/reports/low-stock
[24-May-2026 22:59:16 UTC] Method: GET, URI: /api/products, Params: api/products
[24-May-2026 22:59:20 UTC] Method: GET, URI: /api/products, Params: api/products
[24-May-2026 22:59:24 UTC] Method: GET, URI: /api/products, Params: api/products
[24-May-2026 23:37:15 UTC] Method: POST, URI: /api/auth/login, Params: api/auth/login
[24-May-2026 23:37:16 UTC] Method: GET, URI: /api/products, Params: api/products
[24-May-2026 23:37:16 UTC] Method: GET, URI: /api/reports/stock-levels, Params: api/reports/stock-levels
[24-May-2026 23:37:16 UTC] Method: GET, URI: /api/reports/low-stock, Params: api/reports/low-stock
[24-May-2026 23:37:21 UTC] Method: GET, URI: /api/reports/stock-levels, Params: api/reports/stock-levels
[24-May-2026 23:37:21 UTC] Method: GET, URI: /api/products, Params: api/products
[24-May-2026 23:37:21 UTC] Method: GET, URI: /api/reports/low-stock, Params: api/reports/low-stock
[24-May-2026 23:37:26 UTC] Method: GET, URI: /api/reports/stock-levels, Params: api/reports/stock-levels
[24-May-2026 23:37:26 UTC] Method: GET, URI: /api/reports/low-stock, Params: api/reports/low-stock
[24-May-2026 23:37:26 UTC] Method: GET, URI: /api/products, Params: api/products
[24-May-2026 23:37:31 UTC] Method: GET, URI: /api/products, Params: api/products
[24-May-2026 23:37:31 UTC] Method: GET, URI: /api/reports/stock-levels, Params: api/reports/stock-levels
[24-May-2026 23:37:31 UTC] Method: GET, URI: /api/reports/low-stock, Params: api/reports/low-stock
[24-May-2026 23:37:35 UTC] Method: GET, URI: /api/reports/stock-levels, Params: api/reports/stock-levels
[24-May-2026 23:37:35 UTC] Method: GET, URI: /api/reports/low-stock, Params: api/reports/low-stock
[24-May-2026 23:37:36 UTC] Method: GET, URI: /api/reports/stock-levels, Params: api/reports/stock-levels
[24-May-2026 23:37:36 UTC] Method: GET, URI: /api/products, Params: api/products
[24-May-2026 23:37:38 UTC] Method: GET, URI: /api/products, Params: api/products
[24-May-2026 23:37:39 UTC] Method: GET, URI: /api/products, Params: api/products
[24-May-2026 23:37:39 UTC] Method: GET, URI: /api/reports/low-stock, Params: api/reports/low-stock
[24-May-2026 23:37:39 UTC] Method: GET, URI: /api/reports/stock-levels, Params: api/reports/stock-levels
